scenario_name,category,net_revenue_usd,final_soh,sharpe_ratio,composite_score,composite_rank,rank_overall,rank
chem_lto_heavy_cycle,Battery_Chemistry,994495.0,0.9951,4.45,0.7517,1,1,1
size_100mw_200mwh,System_Sizing,1696600.0,0.9812,4.1,0.623,2,2,2
chem_lfp_stationary,Battery_Chemistry,932814.0,0.9891,4.12,0.5448,3,3,3
horizon_72h,Forecast_Horizon,901735.0,0.9805,3.88,0.2976,4,4,4
chem_nmc_baseline,Battery_Chemistry,848333.0,0.9812,3.65,0.2668,5,5,5
horizon_48h,Forecast_Horizon,848333.0,0.9812,3.65,0.2668,6,6,6
horizon_24h,Forecast_Horizon,795400.0,0.982,3.32,0.226,7,7,7
horizon_12h,Forecast_Horizon,680384.0,0.983,2.85,0.1505,8,8,8
size_25mw_50mwh,System_Sizing,424150.0,0.9812,3.2,0.0605,9,9,9
