window,soh,window_efc,cumulative_efc,degradation_cost_usd,cumulative_wear_cost_usd
1,0.999948,0.543,0.54,725.02,725.02
2,0.999897,0.543,1.09,725.02,1450.04
3,0.999845,0.543,1.63,725.02,2175.06
4,0.999794,0.543,2.17,725.02,2900.08
5,0.999742,0.543,2.72,725.02,3625.1
6,0.999691,0.543,3.26,725.02,4350.12
7,0.999639,0.543,3.8,725.02,5075.14
8,0.999588,0.543,4.34,725.02,5800.16
9,0.999536,0.543,4.89,725.02,6525.18
10,0.999485,0.543,5.43,725.02,7250.2
11,0.999433,0.543,5.97,725.02,7975.22
12,0.999382,0.543,6.52,725.02,8700.24
13,0.99933,0.543,7.06,725.02,9425.26
14,0.999279,0.543,7.6,725.02,10150.28
15,0.999227,0.543,8.15,725.02,10875.3
16,0.999176,0.543,8.69,725.02,11600.32
17,0.999124,0.543,9.23,725.02,12325.34
18,0.999073,0.543,9.77,725.02,13050.36
19,0.999021,0.543,10.32,725.02,13775.38
20,0.99897,0.543,10.86,725.02,14500.4
21,0.998918,0.543,11.4,725.02,15225.42
22,0.998867,0.543,11.95,725.02,15950.44
23,0.998815,0.543,12.49,725.02,16675.46
24,0.998764,0.543,13.03,725.02,17400.48
25,0.998712,0.543,13.57,725.02,18125.5
26,0.998661,0.543,14.12,725.02,18850.52
27,0.998609,0.543,14.66,725.02,19575.54
28,0.998558,0.543,15.2,725.02,20300.56
29,0.998506,0.543,15.75,725.02,21025.58
30,0.998455,0.543,16.29,725.02,21750.6
31,0.998403,0.543,16.83,725.02,22475.62
32,0.998352,0.543,17.38,725.02,23200.64
33,0.9983,0.543,17.92,725.02,23925.66
34,0.998249,0.543,18.46,725.02,24650.68
35,0.998197,0.543,19.0,725.02,25375.7
36,0.998146,0.543,19.55,725.02,26100.72
37,0.998094,0.543,20.09,725.02,26825.74
38,0.998043,0.543,20.63,725.02,27550.76
39,0.997991,0.543,21.18,725.02,28275.78
40,0.99794,0.543,21.72,725.02,29000.8
41,0.997888,0.543,22.26,725.02,29725.82
42,0.997837,0.543,22.81,725.02,30450.84
43,0.997785,0.543,23.35,725.02,31175.86
44,0.997734,0.543,23.89,725.02,31900.88
45,0.997682,0.543,24.43,725.02,32625.9
46,0.997631,0.543,24.98,725.02,33350.92
47,0.997579,0.543,25.52,725.02,34075.94
48,0.997528,0.543,26.06,725.02,34800.96
49,0.997476,0.543,26.61,725.02,35525.98
50,0.997425,0.543,27.15,725.02,36251.0
51,0.997373,0.543,27.69,725.02,36976.02
52,0.997322,0.543,28.24,725.02,37701.04
53,0.99727,0.543,28.78,725.02,38426.06
54,0.997219,0.543,29.32,725.02,39151.08
55,0.997167,0.543,29.86,725.02,39876.1
56,0.997116,0.543,30.41,725.02,40601.12
57,0.997064,0.543,30.95,725.02,41326.14
58,0.997013,0.543,31.49,725.02,42051.16
59,0.996961,0.543,32.04,725.02,42776.18
60,0.99691,0.543,32.58,725.02,43501.2
61,0.996858,0.543,33.12,725.02,44226.22
62,0.996807,0.543,33.67,725.02,44951.24
63,0.996755,0.543,34.21,725.02,45676.26
64,0.996704,0.543,34.75,725.02,46401.28
65,0.996652,0.543,35.29,725.02,47126.3
66,0.996601,0.543,35.84,725.02,47851.32
67,0.996549,0.543,36.38,725.02,48576.34
68,0.996498,0.543,36.92,725.02,49301.36
69,0.996446,0.543,37.47,725.02,50026.38
70,0.996395,0.543,38.01,725.02,50751.4
71,0.996343,0.543,38.55,725.02,51476.42
72,0.996292,0.543,39.1,725.02,52201.44
73,0.99624,0.543,39.64,725.02,52926.46
74,0.996188,0.543,40.18,725.02,53651.48
75,0.996137,0.543,40.72,725.02,54376.5
76,0.996085,0.543,41.27,725.02,55101.52
77,0.996034,0.543,41.81,725.02,55826.54
78,0.995982,0.543,42.35,725.02,56551.56
79,0.995931,0.543,42.9,725.02,57276.58
80,0.995879,0.543,43.44,725.02,58001.6
81,0.995828,0.543,43.98,725.02,58726.62
82,0.995776,0.543,44.53,725.02,59451.64
83,0.995725,0.543,45.07,725.02,60176.66
84,0.995673,0.543,45.61,725.02,60901.68
85,0.995622,0.543,46.15,725.02,61626.7
86,0.99557,0.543,46.7,725.02,62351.72
87,0.995519,0.543,47.24,725.02,63076.74
88,0.995467,0.543,47.78,725.02,63801.76
89,0.995416,0.543,48.33,725.02,64526.78
90,0.995364,0.543,48.87,725.02,65251.8
91,0.995313,0.543,49.41,725.02,65976.82
92,0.995261,0.543,49.96,725.02,66701.84
93,0.99521,0.543,50.5,725.02,67426.86
94,0.995158,0.543,51.04,725.02,68151.88
95,0.995107,0.543,51.58,725.02,68876.9
96,0.995055,0.543,52.13,725.02,69601.92
97,0.995004,0.543,52.67,725.02,70326.94
98,0.994952,0.543,53.21,725.02,71051.96
99,0.994901,0.543,53.76,725.02,71776.98
100,0.994849,0.543,54.3,725.02,72502.0
101,0.994798,0.543,54.84,725.02,73227.02
102,0.994746,0.543,55.39,725.02,73952.04
103,0.994695,0.543,55.93,725.02,74677.06
104,0.994643,0.543,56.47,725.02,75402.08
105,0.994592,0.543,57.01,725.02,76127.1
106,0.99454,0.543,57.56,725.02,76852.12
107,0.994489,0.543,58.1,725.02,77577.14
108,0.994437,0.543,58.64,725.02,78302.16
109,0.994386,0.543,59.19,725.02,79027.18
110,0.994334,0.543,59.73,725.02,79752.2
111,0.994283,0.543,60.27,725.02,80477.22
112,0.994231,0.543,60.82,725.02,81202.24
113,0.99418,0.543,61.36,725.02,81927.26
114,0.994128,0.543,61.9,725.02,82652.28
115,0.994077,0.543,62.44,725.02,83377.3
116,0.994025,0.543,62.99,725.02,84102.32
117,0.993974,0.543,63.53,725.02,84827.34
118,0.993922,0.543,64.07,725.02,85552.36
119,0.993871,0.543,64.62,725.02,86277.38
120,0.993819,0.543,65.16,725.02,87002.4
121,0.993768,0.543,65.7,725.02,87727.42
122,0.993716,0.543,66.25,725.02,88452.44
123,0.993665,0.543,66.79,725.02,89177.46
124,0.993613,0.543,67.33,725.02,89902.48
125,0.993562,0.543,67.87,725.02,90627.5
126,0.99351,0.543,68.42,725.02,91352.52
127,0.993459,0.543,68.96,725.02,92077.54
128,0.993407,0.543,69.5,725.02,92802.56
129,0.993356,0.543,70.05,725.02,93527.58
130,0.993304,0.543,70.59,725.02,94252.6
131,0.993253,0.543,71.13,725.02,94977.62
132,0.993201,0.543,71.68,725.02,95702.64
133,0.99315,0.543,72.22,725.02,96427.66
134,0.993098,0.543,72.76,725.02,97152.68
135,0.993047,0.543,73.31,725.02,97877.7
136,0.992995,0.543,73.85,725.02,98602.72
137,0.992944,0.543,74.39,725.02,99327.74
138,0.992892,0.543,74.93,725.02,100052.76
139,0.992841,0.543,75.48,725.02,100777.78
140,0.992789,0.543,76.02,725.02,101502.8
141,0.992738,0.543,76.56,725.02,102227.82
142,0.992686,0.543,77.11,725.02,102952.84
143,0.992635,0.543,77.65,725.02,103677.86
144,0.992583,0.543,78.19,725.02,104402.88
145,0.992532,0.543,78.74,725.02,105127.9
146,0.99248,0.543,79.28,725.02,105852.92
147,0.992428,0.543,79.82,725.02,106577.94
148,0.992377,0.543,80.36,725.02,107302.96
149,0.992325,0.543,80.91,725.02,108027.98
150,0.992274,0.543,81.45,725.02,108753.0
151,0.992222,0.543,81.99,725.02,109478.02
152,0.992171,0.543,82.54,725.02,110203.04
153,0.992119,0.543,83.08,725.02,110928.06
154,0.992068,0.543,83.62,725.02,111653.08
155,0.992016,0.543,84.17,725.02,112378.1
156,0.991965,0.543,84.71,725.02,113103.12
157,0.991913,0.543,85.25,725.02,113828.14
158,0.991862,0.543,85.79,725.02,114553.16
159,0.99181,0.543,86.34,725.02,115278.18
160,0.991759,0.543,86.88,725.02,116003.2
161,0.991707,0.543,87.42,725.02,116728.22
162,0.991656,0.543,87.97,725.02,117453.24
163,0.991604,0.543,88.51,725.02,118178.26
164,0.991553,0.543,89.05,725.02,118903.28
165,0.991501,0.543,89.6,725.02,119628.3
166,0.99145,0.543,90.14,725.02,120353.32
167,0.991398,0.543,90.68,725.02,121078.34
168,0.991347,0.543,91.22,725.02,121803.36
169,0.991295,0.543,91.77,725.02,122528.38
170,0.991244,0.543,92.31,725.02,123253.4
171,0.991192,0.543,92.85,725.02,123978.42
172,0.991141,0.543,93.4,725.02,124703.44
173,0.991089,0.543,93.94,725.02,125428.46
174,0.991038,0.543,94.48,725.02,126153.48
175,0.990986,0.543,95.03,725.02,126878.5
176,0.990935,0.543,95.57,725.02,127603.52
177,0.990883,0.543,96.11,725.02,128328.54
178,0.990832,0.543,96.65,725.02,129053.56
179,0.99078,0.543,97.2,725.02,129778.58
180,0.990729,0.543,97.74,725.02,130503.6
181,0.990677,0.543,98.28,725.02,131228.62
182,0.990626,0.543,98.83,725.02,131953.64
183,0.990574,0.543,99.37,725.02,132678.66
184,0.990523,0.543,99.91,725.02,133403.68
185,0.990471,0.543,100.46,725.02,134128.7
186,0.99042,0.543,101.0,725.02,134853.72
187,0.990368,0.543,101.54,725.02,135578.74
188,0.990317,0.543,102.08,725.02,136303.76
189,0.990265,0.543,102.63,725.02,137028.78
190,0.990214,0.543,103.17,725.02,137753.8
191,0.990162,0.543,103.71,725.02,138478.82
192,0.990111,0.543,104.26,725.02,139203.84
193,0.990059,0.543,104.8,725.02,139928.86
194,0.990008,0.543,105.34,725.02,140653.88
195,0.989956,0.543,105.89,725.02,141378.9
196,0.989905,0.543,106.43,725.02,142103.92
197,0.989853,0.543,106.97,725.02,142828.94
198,0.989802,0.543,107.51,725.02,143553.96
199,0.98975,0.543,108.06,725.02,144278.98
200,0.989699,0.543,108.6,725.02,145004.0
201,0.989647,0.543,109.14,725.02,145729.02
202,0.989596,0.543,109.69,725.02,146454.04
203,0.989544,0.543,110.23,725.02,147179.06
204,0.989493,0.543,110.77,725.02,147904.08
205,0.989441,0.543,111.32,725.02,148629.1
206,0.98939,0.543,111.86,725.02,149354.12
207,0.989338,0.543,112.4,725.02,150079.14
208,0.989287,0.543,112.94,725.02,150804.16
209,0.989235,0.543,113.49,725.02,151529.18
210,0.989184,0.543,114.03,725.02,152254.2
211,0.989132,0.543,114.57,725.02,152979.22
212,0.989081,0.543,115.12,725.02,153704.24
213,0.989029,0.543,115.66,725.02,154429.26
214,0.988978,0.543,116.2,725.02,155154.28
215,0.988926,0.543,116.75,725.02,155879.3
216,0.988875,0.543,117.29,725.02,156604.32
217,0.988823,0.543,117.83,725.02,157329.34
218,0.988772,0.543,118.37,725.02,158054.36
219,0.98872,0.543,118.92,725.02,158779.38
220,0.988668,0.543,119.46,725.02,159504.4
221,0.988617,0.543,120.0,725.02,160229.42
222,0.988565,0.543,120.55,725.02,160954.44
223,0.988514,0.543,121.09,725.02,161679.46
224,0.988462,0.543,121.63,725.02,162404.48
225,0.988411,0.543,122.18,725.02,163129.5
226,0.988359,0.543,122.72,725.02,163854.52
227,0.988308,0.543,123.26,725.02,164579.54
228,0.988256,0.543,123.8,725.02,165304.56
229,0.988205,0.543,124.35,725.02,166029.58
230,0.988153,0.543,124.89,725.02,166754.6
231,0.988102,0.543,125.43,725.02,167479.62
232,0.98805,0.543,125.98,725.02,168204.64
233,0.987999,0.543,126.52,725.02,168929.66
234,0.987947,0.543,127.06,725.02,169654.68
235,0.987896,0.543,127.61,725.02,170379.7
236,0.987844,0.543,128.15,725.02,171104.72
237,0.987793,0.543,128.69,725.02,171829.74
238,0.987741,0.543,129.23,725.02,172554.76
239,0.98769,0.543,129.78,725.02,173279.78
240,0.987638,0.543,130.32,725.02,174004.8
241,0.987587,0.543,130.86,725.02,174729.82
242,0.987535,0.543,131.41,725.02,175454.84
243,0.987484,0.543,131.95,725.02,176179.86
244,0.987432,0.543,132.49,725.02,176904.88
245,0.987381,0.543,133.04,725.02,177629.9
246,0.987329,0.543,133.58,725.02,178354.92
247,0.987278,0.543,134.12,725.02,179079.94
248,0.987226,0.543,134.66,725.02,179804.96
249,0.987175,0.543,135.21,725.02,180529.98
250,0.987123,0.543,135.75,725.02,181255.0
251,0.987072,0.543,136.29,725.02,181980.02
252,0.98702,0.543,136.84,725.02,182705.04
253,0.986969,0.543,137.38,725.02,183430.06
254,0.986917,0.543,137.92,725.02,184155.08
255,0.986866,0.543,138.47,725.02,184880.1
256,0.986814,0.543,139.01,725.02,185605.12
257,0.986763,0.543,139.55,725.02,186330.14
258,0.986711,0.543,140.09,725.02,187055.16
259,0.98666,0.543,140.64,725.02,187780.18
260,0.986608,0.543,141.18,725.02,188505.2
261,0.986557,0.543,141.72,725.02,189230.22
262,0.986505,0.543,142.27,725.02,189955.24
263,0.986454,0.543,142.81,725.02,190680.26
264,0.986402,0.543,143.35,725.02,191405.28
265,0.986351,0.543,143.9,725.02,192130.3
266,0.986299,0.543,144.44,725.02,192855.32
267,0.986248,0.543,144.98,725.02,193580.34
268,0.986196,0.543,145.52,725.02,194305.36
269,0.986145,0.543,146.07,725.02,195030.38
270,0.986093,0.543,146.61,725.02,195755.4
271,0.986042,0.543,147.15,725.02,196480.42
272,0.98599,0.543,147.7,725.02,197205.44
273,0.985939,0.543,148.24,725.02,197930.46
274,0.985887,0.543,148.78,725.02,198655.48
275,0.985836,0.543,149.33,725.02,199380.5
276,0.985784,0.543,149.87,725.02,200105.52
277,0.985733,0.543,150.41,725.02,200830.54
278,0.985681,0.543,150.95,725.02,201555.56
279,0.98563,0.543,151.5,725.02,202280.58
280,0.985578,0.543,152.04,725.02,203005.6
281,0.985527,0.543,152.58,725.02,203730.62
282,0.985475,0.543,153.13,725.02,204455.64
283,0.985424,0.543,153.67,725.02,205180.66
284,0.985372,0.543,154.21,725.02,205905.68
285,0.985321,0.543,154.76,725.02,206630.7
286,0.985269,0.543,155.3,725.02,207355.72
287,0.985218,0.543,155.84,725.02,208080.74
288,0.985166,0.543,156.38,725.02,208805.76
289,0.985115,0.543,156.93,725.02,209530.78
290,0.985063,0.543,157.47,725.02,210255.8
291,0.985012,0.543,158.01,725.02,210980.82
292,0.98496,0.543,158.56,725.02,211705.84
293,0.984908,0.543,159.1,725.02,212430.86
294,0.984857,0.543,159.64,725.02,213155.88
295,0.984805,0.543,160.19,725.02,213880.9
296,0.984754,0.543,160.73,725.02,214605.92
297,0.984702,0.543,161.27,725.02,215330.94
298,0.984651,0.543,161.81,725.02,216055.96
299,0.984599,0.543,162.36,725.02,216780.98
300,0.984548,0.543,162.9,725.02,217506.0
301,0.984496,0.543,163.44,725.02,218231.02
302,0.984445,0.543,163.99,725.02,218956.04
303,0.984393,0.543,164.53,725.02,219681.06
304,0.984342,0.543,165.07,725.02,220406.08
305,0.98429,0.543,165.62,725.02,221131.1
306,0.984239,0.543,166.16,725.02,221856.12
307,0.984187,0.543,166.7,725.02,222581.14
308,0.984136,0.543,167.24,725.02,223306.16
309,0.984084,0.543,167.79,725.02,224031.18
310,0.984033,0.543,168.33,725.02,224756.2
311,0.983981,0.543,168.87,725.02,225481.22
312,0.98393,0.543,169.42,725.02,226206.24
313,0.983878,0.543,169.96,725.02,226931.26
314,0.983827,0.543,170.5,725.02,227656.28
315,0.983775,0.543,171.05,725.02,228381.3
316,0.983724,0.543,171.59,725.02,229106.32
317,0.983672,0.543,172.13,725.02,229831.34
318,0.983621,0.543,172.67,725.02,230556.36
319,0.983569,0.543,173.22,725.02,231281.38
320,0.983518,0.543,173.76,725.02,232006.4
321,0.983466,0.543,174.3,725.02,232731.42
322,0.983415,0.543,174.85,725.02,233456.44
323,0.983363,0.543,175.39,725.02,234181.46
324,0.983312,0.543,175.93,725.02,234906.48
325,0.98326,0.543,176.48,725.02,235631.5
326,0.983209,0.543,177.02,725.02,236356.52
327,0.983157,0.543,177.56,725.02,237081.54
328,0.983106,0.543,178.1,725.02,237806.56
329,0.983054,0.543,178.65,725.02,238531.58
330,0.983003,0.543,179.19,725.02,239256.6
331,0.982951,0.543,179.73,725.02,239981.62
332,0.9829,0.543,180.28,725.02,240706.64
333,0.982848,0.543,180.82,725.02,241431.66
334,0.982797,0.543,181.36,725.02,242156.68
335,0.982745,0.543,181.91,725.02,242881.7
336,0.982694,0.543,182.45,725.02,243606.72
337,0.982642,0.543,182.99,725.02,244331.74
338,0.982591,0.543,183.53,725.02,245056.76
339,0.982539,0.543,184.08,725.02,245781.78
340,0.982488,0.543,184.62,725.02,246506.8
341,0.982436,0.543,185.16,725.02,247231.82
342,0.982385,0.543,185.71,725.02,247956.84
343,0.982333,0.543,186.25,725.02,248681.86
344,0.982282,0.543,186.79,725.02,249406.88
345,0.98223,0.543,187.34,725.02,250131.9
346,0.982179,0.543,187.88,725.02,250856.92
347,0.982127,0.543,188.42,725.02,251581.94
348,0.982076,0.543,188.96,725.02,252306.96
349,0.982024,0.543,189.51,725.02,253031.98
350,0.981973,0.543,190.05,725.02,253757.0
351,0.981921,0.543,190.59,725.02,254482.02
352,0.98187,0.543,191.14,725.02,255207.04
353,0.981818,0.543,191.68,725.02,255932.06
354,0.981767,0.543,192.22,725.02,256657.08
355,0.981715,0.543,192.77,725.02,257382.1
356,0.981664,0.543,193.31,725.02,258107.12
357,0.981612,0.543,193.85,725.02,258832.14
358,0.981561,0.543,194.39,725.02,259557.16
