scenario_name,category,net_revenue_usd,final_soh,sharpe_ratio,is_pareto_optimal
chem_nmc_baseline,Battery_Chemistry,848333.0,0.9812,3.65,False
chem_lfp_stationary,Battery_Chemistry,932814.0,0.9891,4.12,False
chem_lto_heavy_cycle,Battery_Chemistry,994495.0,0.9951,4.45,True
horizon_12h,Forecast_Horizon,680384.0,0.983,2.85,False
horizon_24h,Forecast_Horizon,795400.0,0.982,3.32,False
horizon_48h,Forecast_Horizon,848333.0,0.9812,3.65,False
horizon_72h,Forecast_Horizon,901735.0,0.9805,3.88,False
size_25mw_50mwh,System_Sizing,424150.0,0.9812,3.2,False
size_100mw_200mwh,System_Sizing,1696600.0,0.9812,4.1,True
