date,gross_revenue_usd,charge_energy_mwh,discharge_energy_mwh,degradation_cost_usd,net_revenue_usd,efc,remaining_soh
2025-01-15,5306.5475,97.5069,138.0,1444.06,3862.4875,1.1775,0.9999
2025-01-16,3092.9114,42.1053,88.0,787.46,2305.4514,0.6505,0.9998
2025-01-17,3431.6821,42.1053,88.0,771.44,2660.2421,0.6505,0.9998
2025-01-18,3128.0005,42.1053,88.0,787.46,2340.5405,0.6505,0.9997
2025-01-19,3229.1901,42.1053,88.0,779.14,2450.0501,0.6505,0.9997
2025-01-20,3693.9105,42.1053,88.0,771.44,2922.4705,0.6505,0.9996
2025-01-21,3833.5463,42.1053,88.0,796.4,3037.1463,0.6505,0.9995
2025-01-22,4151.5235,42.1053,88.0,742.15,3409.3735,0.6505,0.9995
2025-01-23,2122.875,0.0,50.0,558.79,1564.085,0.25,0.9994
2025-01-24,3221.9646,42.1053,88.0,764.35,2457.6146,0.6505,0.9994
2025-01-25,2945.3168,42.1053,88.0,764.35,2180.9668,0.6505,0.9993
2025-01-26,2988.6153,42.1053,88.0,752.02,2236.5953,0.6505,0.9993
2025-01-27,2434.21,0.0,50.0,558.79,1875.42,0.25,0.9992
2025-01-28,4283.85,84.2105,126.0,1288.19,2995.66,1.0511,0.9991
2025-01-29,3521.8379,42.1053,88.0,816.13,2705.7079,0.6505,0.9991
2025-01-30,3984.3427,42.1053,88.0,727.36,3256.9827,0.6505,0.999
2025-01-31,3107.4537,42.1053,88.0,764.35,2343.1037,0.6505,0.999
2025-02-01,2993.8283,50.0,95.125,802.35,2191.4783,0.7256,0.9989
2025-02-02,3293.4982,42.1053,88.0,771.44,2522.0582,0.6505,0.9989
2025-02-03,3144.5429,42.1053,88.0,757.87,2386.6729,0.6505,0.9988
2025-02-04,3755.232,50.0,95.125,806.65,2948.582,0.7256,0.9987
2025-02-05,3452.0725,42.1053,88.0,752.02,2700.0525,0.6505,0.9987
2025-02-06,3402.8563,42.1053,88.0,826.92,2575.9363,0.6505,0.9986
2025-02-07,4667.2852,84.2105,126.0,1265.73,3401.5552,1.0511,0.9985
2025-02-08,5231.595,84.2105,126.0,1271.39,3960.205,1.0511,0.9984
2025-02-09,2603.7581,42.1053,88.0,787.46,1816.2981,0.6505,0.9984
2025-02-10,2871.6813,42.1053,88.0,764.35,2107.3313,0.6505,0.9983
2025-02-11,3240.4001,42.1053,88.0,764.35,2476.0501,0.6505,0.9983
2025-02-12,3051.3577,42.1053,88.0,757.87,2293.4877,0.6505,0.9982
2025-02-13,3216.6258,42.1053,88.0,771.44,2445.1858,0.6505,0.9982
2025-02-14,1883.15,0.0,50.0,558.79,1324.36,0.25,0.9981
2025-02-15,2980.4651,42.1053,88.0,746.78,2233.6851,0.6505,0.9981
2025-02-16,3337.3784,42.1053,88.0,771.44,2565.9384,0.6505,0.998
2025-02-17,3910.4022,42.1053,88.0,771.44,3138.9622,0.6505,0.9979
2025-02-18,5587.9367,55.4017,100.0,888.0,4699.9367,0.777,0.9979
2025-02-19,3006.7742,42.1053,88.0,757.87,2248.9042,0.6505,0.9978
2025-02-20,3174.8137,50.0,95.125,799.44,2375.3737,0.7256,0.9978
2025-02-21,2178.585,0.0,50.0,558.79,1619.795,0.25,0.9977
2025-02-22,2904.6744,42.1053,88.0,764.35,2140.3244,0.6505,0.9977
2025-02-23,3256.0291,42.1053,88.0,787.46,2468.5691,0.6505,0.9976
2025-02-24,2003.14,0.0,50.0,558.79,1444.35,0.25,0.9976
2025-02-25,3034.9905,42.1053,88.0,779.14,2255.8505,0.6505,0.9975
2025-02-26,3185.7393,50.0,95.125,834.83,2350.9093,0.7256,0.9974
2025-02-27,2749.2542,42.1053,88.0,771.44,1977.8142,0.6505,0.9974
2025-02-28,2928.7866,42.1053,88.0,787.46,2141.3266,0.6505,0.9973
2025-03-01,3298.5468,42.1053,88.0,826.92,2471.6268,0.6505,0.9973
2025-03-02,2762.1753,42.1053,88.0,752.02,2010.1553,0.6505,0.9972
2025-03-03,4433.9186,42.1053,88.0,757.87,3676.0486,0.6505,0.9972
2025-03-04,4917.5734,50.0,95.125,859.7,4057.8734,0.7256,0.9971
2025-03-05,2810.6514,42.1053,88.0,826.92,1983.7314,0.6505,0.997
2025-03-06,2667.3902,42.1053,88.0,746.78,1920.6102,0.6505,0.997
2025-03-07,2964.4111,42.1053,88.0,746.78,2217.6311,0.6505,0.9969
2025-03-08,3121.7374,42.1053,88.0,779.14,2342.5974,0.6505,0.9969
2025-03-09,3057.9271,42.1053,88.0,731.98,2325.9471,0.6505,0.9968
2025-03-10,2120.195,0.0,50.0,558.79,1561.405,0.25,0.9968
2025-03-11,2903.7337,42.1053,88.0,787.46,2116.2737,0.6505,0.9967
2025-03-12,2516.68,0.0,50.0,558.79,1957.89,0.25,0.9967
2025-03-13,3444.5012,42.1053,88.0,771.44,2673.0612,0.6505,0.9966
2025-03-14,2646.8977,42.1053,88.0,779.14,1867.7577,0.6505,0.9965
2025-03-15,3273.5107,42.1053,88.0,771.44,2502.0707,0.6505,0.9965
2025-03-16,1895.96,0.0,50.0,558.79,1337.17,0.25,0.9965
2025-03-17,2841.5518,42.1053,88.0,771.44,2070.1118,0.6505,0.9964
2025-03-18,1954.44,0.0,50.0,558.79,1395.65,0.25,0.9964
2025-03-19,2808.7142,42.1053,88.0,757.87,2050.8442,0.6505,0.9963
2025-03-20,3519.3197,42.1053,88.0,796.4,2722.9197,0.6505,0.9962
2025-03-21,2950.2221,42.1053,88.0,764.35,2185.8721,0.6505,0.9962
2025-03-22,2903.4726,42.1053,88.0,779.14,2124.3326,0.6505,0.9961
2025-03-23,3012.7151,42.1053,88.0,779.14,2233.5751,0.6505,0.9961
2025-03-24,2946.3585,42.1053,88.0,752.02,2194.3385,0.6505,0.996
2025-03-25,4243.21,84.2105,126.0,1266.69,2976.52,1.0511,0.9959
2025-03-26,2657.2659,42.1053,88.0,752.02,1905.2459,0.6505,0.9959
2025-03-27,2528.4639,42.1053,88.0,771.44,1757.0239,0.6505,0.9958
2025-03-28,3166.581,42.1053,88.0,796.4,2370.181,0.6505,0.9957
2025-03-29,3435.0226,42.1053,88.0,752.02,2683.0026,0.6505,0.9957
2025-03-30,2833.035,42.1053,88.0,752.02,2081.015,0.6505,0.9956
2025-03-31,4472.3035,42.1053,88.0,771.44,3700.8635,0.6505,0.9956
2025-04-01,2684.7344,42.1053,88.0,805.96,1878.7744,0.6505,0.9955
2025-04-02,2919.0697,42.1053,88.0,764.35,2154.7197,0.6505,0.9955
2025-04-03,2886.3629,42.1053,88.0,746.78,2139.5829,0.6505,0.9954
2025-04-04,1995.845,0.0,50.0,558.79,1437.055,0.25,0.9954
2025-04-05,2578.02,42.1053,88.0,816.13,1761.89,0.6505,0.9953
2025-04-06,2717.042,42.1053,88.0,787.46,1929.582,0.6505,0.9952
2025-04-07,3162.9583,42.1053,88.0,752.02,2410.9383,0.6505,0.9952
2025-04-08,3704.735,50.0,95.125,814.45,2890.285,0.7256,0.9951
2025-04-09,4026.5402,42.1053,88.0,752.02,3274.5202,0.6505,0.9951
2025-04-10,4481.4479,42.1053,88.0,771.44,3710.0079,0.6505,0.995
2025-04-11,3102.7071,42.1053,88.0,787.46,2315.2471,0.6505,0.995
2025-04-12,3812.547,50.0,95.125,829.89,2982.657,0.7256,0.9949
2025-04-13,3194.3193,42.1053,88.0,779.14,2415.1793,0.6505,0.9948
2025-04-14,2908.9418,42.1053,88.0,779.14,2129.8018,0.6505,0.9948
2025-04-15,2667.5964,42.1053,88.0,752.02,1915.5764,0.6505,0.9947
2025-04-16,2590.5697,42.1053,88.0,779.14,1811.4297,0.6505,0.9947
2025-04-17,3859.9953,84.2105,126.0,1264.46,2595.5353,1.0511,0.9946
2025-04-18,2861.6037,42.1053,88.0,787.46,2074.1437,0.6505,0.9945
2025-04-19,2426.295,0.0,50.0,558.79,1867.505,0.25,0.9945
2025-04-20,2831.6599,42.1053,88.0,757.87,2073.7899,0.6505,0.9944
2025-04-21,3253.9208,42.1053,88.0,764.35,2489.5708,0.6505,0.9944
2025-04-22,4077.028,84.2105,126.0,1264.38,2812.648,1.0511,0.9943
2025-04-23,3340.3908,42.1053,88.0,752.02,2588.3708,0.6505,0.9942
2025-04-24,3082.925,42.1053,88.0,757.87,2325.055,0.6505,0.9942
2025-04-25,2771.9113,42.1053,88.0,757.87,2014.0413,0.6505,0.9941
2025-04-26,2579.945,0.0,50.0,558.79,2021.155,0.25,0.9941
2025-04-27,2909.3487,42.1053,88.0,787.46,2121.8887,0.6505,0.994
2025-04-28,2985.0852,42.1053,88.0,752.02,2233.0652,0.6505,0.9939
2025-04-29,3243.0728,42.1053,88.0,816.13,2426.9428,0.6505,0.9939
2025-04-30,2955.2785,42.1053,88.0,779.14,2176.1385,0.6505,0.9938
2025-05-01,1570.885,0.0,50.0,558.79,1012.095,0.25,0.9938
2025-05-02,2739.3796,42.1053,88.0,757.87,1981.5096,0.6505,0.9937
2025-05-03,2733.9151,42.1053,88.0,771.44,1962.4751,0.6505,0.9937
2025-05-04,3047.7436,42.1053,88.0,764.35,2283.3936,0.6505,0.9936
2025-05-05,2774.9494,42.1053,88.0,752.02,2022.9294,0.6505,0.9936
2025-05-06,3418.1389,42.1053,88.0,731.98,2686.1589,0.6505,0.9935
2025-05-07,3265.3809,42.1053,88.0,752.02,2513.3609,0.6505,0.9934
2025-05-08,3093.0829,42.1053,88.0,779.14,2313.9429,0.6505,0.9934
2025-05-09,2027.655,0.0,50.0,558.79,1468.865,0.25,0.9933
2025-05-10,4408.9536,42.1053,88.0,746.78,3662.1736,0.6505,0.9933
2025-05-11,3466.3059,42.1053,88.0,746.78,2719.5259,0.6505,0.9932
2025-05-12,2665.2817,42.1053,88.0,764.35,1900.9317,0.6505,0.9932
2025-05-13,3186.0468,50.0,95.125,800.12,2385.9268,0.7256,0.9931
2025-05-14,2081.42,0.0,50.0,558.79,1522.63,0.25,0.9931
2025-05-15,2768.232,42.1053,88.0,752.02,2016.212,0.6505,0.993
2025-05-16,3071.5773,42.1053,88.0,771.44,2300.1373,0.6505,0.993
2025-05-17,3274.5735,42.1053,88.0,816.13,2458.4435,0.6505,0.9929
2025-05-18,3439.7727,42.1053,88.0,826.92,2612.8527,0.6505,0.9928
2025-05-19,3343.7594,42.1053,88.0,779.14,2564.6194,0.6505,0.9928
2025-05-20,3548.8478,42.1053,88.0,796.4,2752.4478,0.6505,0.9927
2025-05-21,3585.6325,42.1053,88.0,757.87,2827.7625,0.6505,0.9927
2025-05-22,3527.2295,42.1053,88.0,771.44,2755.7895,0.6505,0.9926
2025-05-23,3373.2968,42.1053,88.0,779.14,2594.1568,0.6505,0.9926
2025-05-24,3257.8466,42.1053,88.0,771.44,2486.4066,0.6505,0.9925
2025-05-25,3139.2199,42.1053,88.0,779.14,2360.0799,0.6505,0.9924
2025-05-26,2444.895,0.0,50.0,558.79,1886.105,0.25,0.9924
2025-05-27,4715.3467,84.2105,126.0,1264.3,3451.0467,1.0511,0.9923
2025-05-28,1989.91,0.0,50.0,558.79,1431.12,0.25,0.9923
2025-05-29,3438.6076,42.1053,88.0,771.44,2667.1676,0.6505,0.9922
2025-05-30,3568.692,42.1053,88.0,764.35,2804.342,0.6505,0.9922
2025-05-31,2796.5833,42.1053,88.0,779.14,2017.4433,0.6505,0.9921
2025-06-01,1776.175,0.0,50.0,558.79,1217.385,0.25,0.9921
2025-06-02,3391.2572,50.0,95.125,839.21,2552.0472,0.7256,0.992
2025-06-03,2499.79,0.0,50.0,558.79,1941.0,0.25,0.9919
2025-06-04,3435.0499,42.1053,88.0,742.15,2692.8999,0.6505,0.9919
2025-06-05,3365.6849,42.1053,88.0,796.4,2569.2849,0.6505,0.9918
2025-06-06,2512.975,0.0,50.0,558.79,1954.185,0.25,0.9918
2025-06-07,3036.5862,42.1053,88.0,787.46,2249.1262,0.6505,0.9917
2025-06-08,2811.0522,42.1053,88.0,764.35,2046.7022,0.6505,0.9917
2025-06-09,3035.4554,42.1053,88.0,779.14,2256.3154,0.6505,0.9916
2025-06-10,4701.3415,92.1053,133.125,1025.01,3676.3315,1.1262,0.9915
2025-06-11,3295.9236,42.1053,88.0,779.14,2516.7836,0.6505,0.9915
2025-06-12,3062.2302,42.1053,88.0,771.44,2290.7902,0.6505,0.9914
2025-06-13,3189.069,42.1053,88.0,771.44,2417.629,0.6505,0.9914
2025-06-14,3060.3327,42.1053,88.0,764.35,2295.9827,0.6505,0.9913
2025-06-15,6200.6043,84.2105,126.0,1282.18,4918.4243,1.0511,0.9912
2025-06-16,2978.6445,42.1053,88.0,779.14,2199.5045,0.6505,0.9912
2025-06-17,4167.4726,84.2105,126.0,1273.79,2893.6826,1.0511,0.9911
2025-06-18,2184.29,0.0,50.0,558.79,1625.5,0.25,0.991
2025-06-19,3240.2378,42.1053,88.0,771.44,2468.7978,0.6505,0.991
2025-06-20,3145.5525,42.1053,88.0,779.14,2366.4125,0.6505,0.9909
2025-06-21,3801.7586,42.1053,88.0,787.46,3014.2986,0.6505,0.9909
2025-06-22,2939.5648,42.1053,88.0,771.44,2168.1248,0.6505,0.9908
2025-06-23,4108.9095,42.1053,88.0,757.87,3351.0395,0.6505,0.9907
2025-06-24,3324.9674,42.1053,88.0,787.46,2537.5074,0.6505,0.9907
2025-06-25,3596.5079,42.1053,88.0,787.46,2809.0479,0.6505,0.9906
2025-06-26,3601.9663,42.1053,88.0,764.35,2837.6163,0.6505,0.9906
2025-06-27,3354.0624,50.0,95.125,797.38,2556.6824,0.7256,0.9905
2025-06-28,3155.4244,42.1053,88.0,779.14,2376.2844,0.6505,0.9905
2025-06-29,3083.5844,42.1053,88.0,757.87,2325.7144,0.6505,0.9904
2025-06-30,2571.405,0.0,50.0,558.79,2012.615,0.25,0.9904
2025-07-01,3225.6452,42.1053,88.0,826.92,2398.7252,0.6505,0.9903
2025-07-02,3921.6,0.0,50.0,558.79,3362.81,0.25,0.9903
2025-07-03,3202.089,42.1053,88.0,771.44,2430.649,0.6505,0.9902
2025-07-04,2555.9,0.0,50.0,558.79,1997.11,0.25,0.9902
2025-07-05,2237.935,0.0,50.0,558.79,1679.145,0.25,0.9901
2025-07-06,2376.795,0.0,50.0,558.79,1818.005,0.25,0.9901
2025-07-07,2685.035,0.0,50.0,558.79,2126.245,0.25,0.99
2025-07-08,4084.3023,55.4017,100.0,855.03,3229.2723,0.777,0.99
2025-07-09,4113.4985,55.4017,100.0,857.0,3256.4985,0.777,0.9899
2025-07-10,2607.845,0.0,50.0,558.79,2049.055,0.25,0.9899
2025-07-11,2523.255,0.0,50.0,558.79,1964.465,0.25,0.9898
2025-07-12,2993.9038,42.1053,88.0,771.44,2222.4638,0.6505,0.9898
2025-07-13,2994.2855,42.1053,88.0,771.44,2222.8455,0.6505,0.9897
2025-07-14,3990.587,55.4017,100.0,857.0,3133.587,0.777,0.9896
2025-07-15,2335.14,0.0,50.0,558.79,1776.35,0.25,0.9896
2025-07-16,2463.04,0.0,50.0,558.79,1904.25,0.25,0.9896
2025-07-17,2813.15,0.0,50.0,558.79,2254.36,0.25,0.9895
2025-07-18,3336.4411,42.1053,88.0,757.87,2578.5711,0.6505,0.9895
2025-07-19,2374.805,0.0,50.0,558.79,1816.015,0.25,0.9894
2025-07-20,3301.4336,42.1053,88.0,805.96,2495.4736,0.6505,0.9894
2025-07-21,3611.2816,42.1053,88.0,779.14,2832.1416,0.6505,0.9893
2025-07-22,2601.335,0.0,50.0,558.79,2042.545,0.25,0.9893
2025-07-23,2449.095,0.0,50.0,558.79,1890.305,0.25,0.9892
2025-07-24,2382.33,0.0,50.0,558.79,1823.54,0.25,0.9892
2025-07-25,3397.7518,42.1053,88.0,771.44,2626.3118,0.6505,0.9891
2025-07-26,3241.0114,42.1053,88.0,752.02,2488.9914,0.6505,0.9891
2025-07-27,3197.946,42.1053,88.0,805.96,2391.986,0.6505,0.989
2025-07-28,4059.3616,42.1053,88.0,771.44,3287.9216,0.6505,0.9889
2025-07-29,3127.6,0.0,50.0,558.79,2568.81,0.25,0.9889
2025-07-30,3895.6016,42.1053,88.0,779.14,3116.4616,0.6505,0.9888
2025-07-31,3333.3123,42.1053,88.0,757.87,2575.4423,0.6505,0.9888
2025-08-01,2574.195,0.0,50.0,558.79,2015.405,0.25,0.9888
2025-08-02,2899.68,0.0,50.0,558.79,2340.89,0.25,0.9887
2025-08-03,3824.1027,50.0,95.125,812.76,3011.3427,0.7256,0.9887
2025-08-04,2242.35,0.0,50.0,558.79,1683.56,0.25,0.9886
2025-08-05,2210.195,0.0,50.0,558.79,1651.405,0.25,0.9886
2025-08-06,2304.845,0.0,50.0,558.79,1746.055,0.25,0.9885
2025-08-07,3389.4784,42.1053,88.0,771.44,2618.0384,0.6505,0.9885
2025-08-08,3504.5741,42.1053,88.0,771.44,2733.1341,0.6505,0.9884
2025-08-09,2610.485,0.0,50.0,558.79,2051.695,0.25,0.9884
2025-08-10,3239.031,42.1053,88.0,787.46,2451.571,0.6505,0.9883
2025-08-11,4132.4054,42.1053,88.0,752.02,3380.3854,0.6505,0.9883
2025-08-12,2400.06,0.0,50.0,558.79,1841.27,0.25,0.9882
2025-08-13,2580.03,0.0,50.0,558.79,2021.24,0.25,0.9882
2025-08-14,3639.9658,42.1053,88.0,757.87,2882.0958,0.6505,0.9881
2025-08-15,2395.89,0.0,50.0,558.79,1837.1,0.25,0.9881
2025-08-16,3156.0205,42.1053,88.0,764.35,2391.6705,0.6505,0.988
2025-08-17,2942.2503,42.1053,88.0,787.46,2154.7903,0.6505,0.988
2025-08-18,3541.8266,42.1053,88.0,757.87,2783.9566,0.6505,0.9879
2025-08-19,3479.6642,42.1053,88.0,757.87,2721.7942,0.6505,0.9878
2025-08-20,3520.094,42.1053,88.0,779.14,2740.954,0.6505,0.9878
2025-08-21,3552.3843,42.1053,88.0,779.14,2773.2443,0.6505,0.9877
2025-08-22,2306.82,0.0,50.0,558.79,1748.03,0.25,0.9877
2025-08-23,3158.5517,42.1053,88.0,771.44,2387.1117,0.6505,0.9876
2025-08-24,2303.865,0.0,50.0,558.79,1745.075,0.25,0.9876
2025-08-25,2384.765,0.0,50.0,558.79,1825.975,0.25,0.9876
2025-08-26,3169.9943,42.1053,88.0,771.44,2398.5543,0.6505,0.9875
2025-08-27,2366.69,0.0,50.0,558.79,1807.9,0.25,0.9875
2025-08-28,3777.1118,42.1053,88.0,796.4,2980.7118,0.6505,0.9874
2025-08-29,3173.6904,42.1053,88.0,779.14,2394.5504,0.6505,0.9873
2025-08-30,2718.25,0.0,50.0,558.79,2159.46,0.25,0.9873
2025-08-31,4313.3285,55.4017,100.0,855.03,3458.2985,0.777,0.9872
2025-09-01,2438.98,0.0,50.0,558.79,1880.19,0.25,0.9872
2025-09-02,3200.5585,42.1053,88.0,779.14,2421.4185,0.6505,0.9871
2025-09-03,2449.745,0.0,50.0,558.79,1890.955,0.25,0.9871
2025-09-04,3551.2511,42.1053,88.0,771.44,2779.8111,0.6505,0.987
2025-09-05,3755.0841,42.1053,88.0,771.44,2983.6441,0.6505,0.987
2025-09-06,2205.59,0.0,50.0,558.79,1646.8,0.25,0.9869
2025-09-07,2459.92,0.0,50.0,558.79,1901.13,0.25,0.9869
2025-09-08,3426.4058,42.1053,88.0,757.87,2668.5358,0.6505,0.9868
2025-09-09,2617.9,0.0,50.0,558.79,2059.11,0.25,0.9868
2025-09-10,2606.0,0.0,50.0,558.79,2047.21,0.25,0.9868
2025-09-11,3248.3129,42.1053,88.0,757.87,2490.4429,0.6505,0.9867
2025-09-12,3706.9673,42.1053,88.0,764.35,2942.6173,0.6505,0.9866
2025-09-13,2428.455,0.0,50.0,558.79,1869.665,0.25,0.9866
2025-09-14,2480.875,0.0,50.0,558.79,1922.085,0.25,0.9866
2025-09-15,3331.3534,42.1053,88.0,757.87,2573.4834,0.6505,0.9865
2025-09-16,3593.1383,42.1053,88.0,816.13,2777.0083,0.6505,0.9864
2025-09-17,2648.585,0.0,50.0,558.79,2089.795,0.25,0.9864
2025-09-18,3270.2355,42.1053,88.0,779.14,2491.0955,0.6505,0.9863
2025-09-19,2343.42,0.0,50.0,558.79,1784.63,0.25,0.9863
2025-09-20,2216.19,0.0,50.0,558.79,1657.4,0.25,0.9863
2025-09-21,4006.4437,42.1053,88.0,757.87,3248.5737,0.6505,0.9862
2025-09-22,5719.2982,42.1053,88.0,757.87,4961.4282,0.6505,0.9861
2025-09-23,3635.8519,42.1053,88.0,779.14,2856.7119,0.6505,0.9861
2025-09-24,3418.5131,42.1053,88.0,764.35,2654.1631,0.6505,0.986
2025-09-25,3617.9156,42.1053,88.0,764.35,2853.5656,0.6505,0.986
2025-09-26,3294.7111,42.1053,88.0,771.44,2523.2711,0.6505,0.9859
2025-09-27,3044.035,42.1053,88.0,757.87,2286.165,0.6505,0.9859
2025-09-28,3458.3107,42.1053,88.0,757.87,2700.4407,0.6505,0.9858
2025-09-29,3274.405,0.0,50.0,558.79,2715.615,0.25,0.9858
2025-09-30,3119.675,0.0,50.0,558.79,2560.885,0.25,0.9857
2025-10-01,2363.075,0.0,50.0,558.79,1804.285,0.25,0.9857
2025-10-02,4685.0339,50.0,95.125,836.12,3848.9139,0.7256,0.9856
2025-10-03,2345.715,0.0,50.0,558.79,1786.925,0.25,0.9856
2025-10-04,3317.6894,42.1053,88.0,796.4,2521.2894,0.6505,0.9855
2025-10-05,4847.2945,55.4017,100.0,871.01,3976.2845,0.777,0.9855
2025-10-06,2426.495,0.0,50.0,558.79,1867.705,0.25,0.9854
2025-10-07,3440.9766,42.1053,88.0,764.35,2676.6266,0.6505,0.9854
2025-10-08,5293.3075,55.4017,100.0,876.06,4417.2475,0.777,0.9853
2025-10-09,2743.045,0.0,50.0,558.79,2184.255,0.25,0.9853
2025-10-10,2260.975,0.0,50.0,558.79,1702.185,0.25,0.9852
2025-10-11,3325.4583,42.1053,88.0,746.78,2578.6783,0.6505,0.9852
2025-10-12,3136.8541,42.1053,88.0,764.35,2372.5041,0.6505,0.9851
2025-10-13,3438.018,42.1053,88.0,757.87,2680.148,0.6505,0.985
2025-10-14,3291.9807,42.1053,88.0,771.44,2520.5407,0.6505,0.985
2025-10-15,4623.19,0.0,50.0,558.79,4064.4,0.25,0.9849
2025-10-16,2808.24,0.0,50.0,558.79,2249.45,0.25,0.9849
2025-10-17,3279.8944,42.1053,88.0,787.46,2492.4344,0.6505,0.9848
2025-10-18,4175.2987,55.4017,100.0,853.69,3321.6087,0.777,0.9848
2025-10-19,3193.7343,42.1053,88.0,757.87,2435.8643,0.6505,0.9847
2025-10-20,3307.7555,42.1053,88.0,764.35,2543.4055,0.6505,0.9847
2025-10-21,3335.291,42.1053,88.0,796.4,2538.891,0.6505,0.9846
2025-10-22,2603.8,0.0,50.0,558.79,2045.01,0.25,0.9846
2025-10-23,2313.09,0.0,50.0,558.79,1754.3,0.25,0.9845
2025-10-24,2490.695,0.0,50.0,558.79,1931.905,0.25,0.9845
2025-10-25,2623.73,0.0,50.0,558.79,2064.94,0.25,0.9844
2025-10-26,3421.1575,42.1053,88.0,752.02,2669.1375,0.6505,0.9844
2025-10-27,2679.51,0.0,50.0,558.79,2120.72,0.25,0.9843
2025-10-28,4216.44,0.0,50.0,558.79,3657.65,0.25,0.9843
2025-10-29,3228.4049,42.1053,88.0,742.15,2486.2549,0.6505,0.9843
2025-10-30,2558.5,0.0,50.0,558.79,1999.71,0.25,0.9842
2025-10-31,3401.4985,42.1053,88.0,816.13,2585.3685,0.6505,0.9842
2025-11-01,3682.7328,55.4017,100.0,859.57,2823.1628,0.777,0.9841
2025-11-02,2582.53,0.0,50.0,558.79,2023.74,0.25,0.984
2025-11-03,2897.35,0.0,50.0,558.79,2338.56,0.25,0.984
2025-11-04,3352.8548,42.1053,88.0,779.14,2573.7148,0.6505,0.9839
2025-11-05,2573.25,0.0,50.0,558.79,2014.46,0.25,0.9839
2025-11-06,4138.1692,42.1053,88.0,796.4,3341.7692,0.6505,0.9838
2025-11-07,3750.8155,42.1053,88.0,787.46,2963.3555,0.6505,0.9838
2025-11-08,3716.7348,42.1053,88.0,796.4,2920.3348,0.6505,0.9837
2025-11-09,2695.555,0.0,50.0,558.79,2136.765,0.25,0.9837
2025-11-10,3509.7492,42.1053,88.0,731.98,2777.7692,0.6505,0.9836
2025-11-11,3845.384,42.1053,88.0,771.44,3073.944,0.6505,0.9836
2025-11-12,4263.0107,55.4017,100.0,857.0,3406.0107,0.777,0.9835
2025-11-13,3790.5769,42.1053,88.0,779.14,3011.4369,0.6505,0.9835
2025-11-14,3608.112,42.1053,88.0,779.14,2828.972,0.6505,0.9834
2025-11-15,2290.315,0.0,50.0,558.79,1731.525,0.25,0.9834
2025-11-16,3672.9578,42.1053,88.0,816.13,2856.8278,0.6505,0.9833
2025-11-17,2500.205,0.0,50.0,558.79,1941.415,0.25,0.9833
2025-11-18,3482.1298,42.1053,88.0,746.78,2735.3498,0.6505,0.9832
2025-11-19,3536.0138,42.1053,88.0,771.44,2764.5738,0.6505,0.9831
2025-11-20,2610.045,0.0,50.0,558.79,2051.255,0.25,0.9831
2025-11-21,3014.07,0.0,50.0,558.79,2455.28,0.25,0.9831
2025-11-22,2357.655,0.0,50.0,558.79,1798.865,0.25,0.983
2025-11-23,2118.625,0.0,50.0,558.79,1559.835,0.25,0.983
2025-11-24,3464.0152,42.1053,88.0,796.4,2667.6152,0.6505,0.9829
2025-11-25,2630.18,0.0,50.0,558.79,2071.39,0.25,0.9829
2025-11-26,2429.865,0.0,50.0,558.79,1871.075,0.25,0.9828
2025-11-27,3426.583,42.1053,88.0,742.15,2684.433,0.6505,0.9828
2025-11-28,2434.035,0.0,50.0,558.79,1875.245,0.25,0.9827
2025-11-29,2584.365,0.0,50.0,558.79,2025.575,0.25,0.9827
2025-11-30,2182.785,0.0,50.0,558.79,1623.995,0.25,0.9827
2025-12-01,2355.09,0.0,50.0,558.79,1796.3,0.25,0.9826
2025-12-02,3937.3251,42.1053,88.0,771.44,3165.8851,0.6505,0.9826
2025-12-03,2633.04,0.0,50.0,558.79,2074.25,0.25,0.9825
2025-12-04,3979.8484,55.4017,100.0,855.03,3124.8184,0.777,0.9825
2025-12-05,3849.2656,42.1053,88.0,752.02,3097.2456,0.6505,0.9824
2025-12-06,4944.0604,55.4017,100.0,910.53,4033.5304,0.777,0.9823
2025-12-07,2336.57,0.0,50.0,558.79,1777.78,0.25,0.9823
2025-12-08,2575.195,0.0,50.0,558.79,2016.405,0.25,0.9822
2025-12-09,2657.645,0.0,50.0,558.79,2098.855,0.25,0.9822
2025-12-10,2769.465,0.0,50.0,558.79,2210.675,0.25,0.9822
2025-12-11,3506.4697,42.1053,88.0,764.35,2742.1197,0.6505,0.9821
2025-12-12,3666.0884,42.1053,88.0,779.14,2886.9484,0.6505,0.982
2025-12-13,2466.44,0.0,50.0,558.79,1907.65,0.25,0.982
2025-12-14,4729.7834,55.4017,100.0,932.24,3797.5434,0.777,0.9819
2025-12-15,2486.465,0.0,50.0,558.79,1927.675,0.25,0.9819
2025-12-16,2335.355,0.0,50.0,558.79,1776.565,0.25,0.9819
2025-12-17,3967.8931,42.1053,88.0,779.14,3188.7531,0.6505,0.9818
2025-12-18,3532.913,42.1053,88.0,764.35,2768.563,0.6505,0.9817
2025-12-19,2284.06,0.0,50.0,558.79,1725.27,0.25,0.9817
2025-12-20,2503.83,0.0,50.0,558.79,1945.04,0.25,0.9817
2025-12-21,2603.695,0.0,50.0,558.79,2044.905,0.25,0.9816
2025-12-22,2958.47,0.0,50.0,558.79,2399.68,0.25,0.9816
2025-12-23,2929.975,0.0,50.0,558.79,2371.185,0.25,0.9815
2025-12-24,2545.575,0.0,50.0,558.79,1986.785,0.25,0.9815
2025-12-25,2515.81,0.0,50.0,558.79,1957.02,0.25,0.9815
2025-12-26,2896.53,0.0,50.0,558.79,2337.74,0.25,0.9814
2025-12-27,3322.4421,55.4017,100.0,871.51,2450.9321,0.777,0.9813
2025-12-28,3676.8416,50.0,95.125,802.51,2874.3316,0.7256,0.9813
2025-12-29,2737.205,0.0,50.0,558.79,2178.415,0.25,0.9812
2025-12-30,2621.475,0.0,50.0,558.79,2062.685,0.25,0.9812
