rolling_window,forecast_origin,soh_start,soh_end,capacity_start_mwh,capacity_end_mwh,calendar_loss,cycle_loss,window_loss,window_throughput_mwh,window_efc,cumulative_efc,window_gross_revenue_usd,degradation_cost_usd,window_net_revenue_usd,remaining_soh,remaining_capacity_mwh
8,2025-01-14 23:00:00+00:00,1.0,0.999906,100.0,99.9906,4.809052878593836e-05,4.6376725e-05,9.446725378592369e-05,185.5069,0.9275,0.9275,4752.65,1275.31,3477.34,0.9999055327462141,99.9905532746214
9,2025-01-15 23:00:00+00:00,0.999906,0.999852,99.9906,99.9852,4.557077625570776e-05,7.856168067156072e-06,5.342694432286521e-05,80.1053,0.4005,1.3281,579.59,721.26,-141.68,0.9998521058018912,99.98521058018912
10,2025-01-16 23:00:00+00:00,0.999852,0.9998,99.9852,99.98,4.4383561643835604e-05,7.856168067156072e-06,5.223972971102331e-05,80.1053,0.4005,1.7286,3589.23,705.24,2883.99,0.9997998660721802,99.97998660721802
11,2025-01-17 23:00:00+00:00,0.9998,0.999746,99.98,99.9746,4.557077625570776e-05,7.856168067156072e-06,5.342694432286521e-05,80.1053,0.4005,2.1291,355.94,721.26,-365.32,0.9997464391278573,99.97464391278574
12,2025-01-18 23:00:00+00:00,0.999746,0.999694,99.9746,99.9694,4.495433789954338e-05,7.856168067156072e-06,5.2810505966727206e-05,80.1053,0.4005,2.5296,580.8,712.94,-132.15,0.9996936286218906,99.96936286218906
13,2025-01-19 23:00:00+00:00,0.999694,0.99964,99.9694,99.964,4.557077625570776e-05,7.856168067156072e-06,5.342694432286521e-05,80.1053,0.4005,2.9302,670.59,721.26,-50.68,0.9996402016775677,99.96402016775677
14,2025-01-20 23:00:00+00:00,0.99964,0.999586,99.964,99.9586,4.623287671232877e-05,7.856168067156072e-06,5.408904477943732e-05,80.1053,0.4005,3.3307,582.5,730.2,-147.7,0.9995861126327883,99.95861126327883
15,2025-01-21 23:00:00+00:00,0.999586,0.999536,99.9586,99.9536,4.2214611872146116e-05,7.856168067156072e-06,5.00707799393485e-05,80.1053,0.4005,3.7312,3873.76,675.96,3197.81,0.9995360418528489,99.95360418528489
16,2025-01-22 23:00:00+00:00,0.999536,0.999495,99.9536,99.9495,4.1095890410958905e-05,0.0,4.109589041101369e-05,0.0,0.0,3.7312,0.0,554.79,-554.79,0.9994949459624379,99.9494945962438
17,2025-01-23 23:00:00+00:00,0.999495,0.999443,99.9495,99.9443,4.385844748858446e-05,7.856168067156072e-06,5.171461555575352e-05,80.1053,0.4005,4.1317,784.19,698.15,86.04,0.9994432313468822,99.94432313468822
18,2025-01-24 23:00:00+00:00,0.999443,0.999392,99.9443,99.9392,4.385844748858446e-05,7.856168067156072e-06,5.171461555575352e-05,80.1053,0.4005,4.5323,618.74,698.15,-79.41,0.9993915167313264,99.93915167313264
19,2025-01-25 23:00:00+00:00,0.999392,0.999341,99.9392,99.9341,4.2945205479452046e-05,7.856168067156072e-06,5.080137354662728e-05,80.1053,0.4005,4.9328,568.29,685.82,-117.53,0.9993407153577798,99.93407153577797
20,2025-01-26 23:00:00+00:00,0.999341,0.9993,99.9341,99.93,4.1095890410958905e-05,0.0,4.109589041101369e-05,0.0,0.0,4.9328,0.0,554.79,-554.79,0.9992996194673688,99.92996194673688
21,2025-01-27 23:00:00+00:00,0.9993,0.999217,99.93,99.9217,4.2868953339041096e-05,4.0052625e-05,8.292157833900138e-05,160.2105,0.8011,5.7339,3878.44,1119.44,2759.0,0.9992166978890298,99.92166978890297
22,2025-01-28 23:00:00+00:00,0.999217,0.999161,99.9217,99.9161,4.7694063926940626e-05,7.856168067156072e-06,5.5550231994105914e-05,80.1053,0.4005,6.1344,494.53,749.93,-255.4,0.9991611476570357,99.91611476570357
23,2025-01-29 23:00:00+00:00,0.999161,0.999112,99.9161,99.9112,4.1118721461187214e-05,7.856168067156072e-06,4.897488952837481e-05,80.1053,0.4005,6.5349,2829.51,661.16,2168.35,0.9991121727675073,99.91121727675073
24,2025-01-30 23:00:00+00:00,0.999112,0.99906,99.9112,99.906,4.385844748858446e-05,7.856168067156072e-06,5.171461555575352e-05,80.1053,0.4005,6.9354,563.78,698.15,-134.37,0.9990604581519515,99.90604581519516
25,2025-01-31 23:00:00+00:00,0.99906,0.999007,99.906,99.9007,4.1484375000000004e-05,1.1765206900846878e-05,5.3249581900893794e-05,95.125,0.4756,7.4111,612.42,718.87,-106.45,0.9990072085700507,99.90072085700507
26,2025-02-01 23:00:00+00:00,0.999007,0.998952,99.9007,99.8952,4.7694063926940626e-05,7.856168067156072e-06,5.5550231994105914e-05,80.1053,0.4005,7.8116,474.65,749.93,-275.28,0.9989516583380565,99.89516583380565
27,2025-02-02 23:00:00+00:00,0.998952,0.9989,99.8952,99.89,4.337899543378996e-05,7.856168067156072e-06,5.1235163500917835e-05,80.1053,0.4005,8.2121,504.51,691.67,-187.16,0.9989004231745556,99.89004231745557
28,2025-02-03 23:00:00+00:00,0.9989,0.998818,99.89,99.8818,4.248938712899543e-05,4.0052625e-05,8.254201212898327e-05,160.2105,0.8011,9.0132,2871.36,1114.32,1757.04,0.9988178811624266,99.88178811624266
29,2025-02-04 23:00:00+00:00,0.998818,0.998767,99.8818,99.8767,4.2945205479452046e-05,7.856168067156072e-06,5.080137354662728e-05,80.1053,0.4005,9.4137,610.84,685.82,-74.98,0.99876707978888,99.876707978888
30,2025-02-05 23:00:00+00:00,0.998767,0.998711,99.8767,99.8711,4.84931506849315e-05,7.856168067156072e-06,5.634931875209137e-05,80.1053,0.4005,9.8142,269.84,760.72,-490.87,0.9987107304701279,99.8710730470128
31,2025-02-06 23:00:00+00:00,0.998711,0.998629,99.8711,99.8629,4.120514055365296e-05,4.0052625e-05,8.125776555367725e-05,160.2105,0.8011,10.6153,3573.84,1096.98,2476.86,0.9986294727045743,99.86294727045743
32,2025-02-07 23:00:00+00:00,0.998629,0.998548,99.8629,99.8548,4.1624661101598175e-05,4.0052625e-05,8.16772861016446e-05,160.2105,0.8011,11.4163,4776.15,1102.64,3673.51,0.9985477954184726,99.85477954184726
33,2025-02-08 23:00:00+00:00,0.998548,0.998494,99.8548,99.8494,4.557077625570776e-05,7.856168067156072e-06,5.342694432286521e-05,80.1053,0.4005,11.8168,716.86,721.26,-4.4,0.9984943684741497,99.84943684741498
34,2025-02-09 23:00:00+00:00,0.998494,0.998443,99.8494,99.8443,4.385844748858446e-05,7.856168067156072e-06,5.171461555575352e-05,80.1053,0.4005,12.2174,738.03,698.15,39.88,0.998442653858594,99.8442653858594
35,2025-02-10 23:00:00+00:00,0.998443,0.998391,99.8443,99.8391,4.385844748858446e-05,7.856168067156072e-06,5.171461555575352e-05,80.1053,0.4005,12.6179,626.07,698.15,-72.08,0.9983909392430382,99.83909392430382
36,2025-02-11 23:00:00+00:00,0.998391,0.99834,99.8391,99.834,4.337899543378996e-05,7.856168067156072e-06,5.1235163500917835e-05,80.1053,0.4005,13.0184,695.86,691.67,4.19,0.9983397040795373,99.83397040795373
37,2025-02-12 23:00:00+00:00,0.99834,0.998287,99.834,99.8287,4.4383561643835604e-05,7.856168067156072e-06,5.223972971102331e-05,80.1053,0.4005,13.419,720.53,705.24,15.29,0.9982874643498263,99.82874643498263
38,2025-02-13 23:00:00+00:00,0.998287,0.998246,99.8287,99.8246,4.1095890410958905e-05,0.0,4.109589041101369e-05,0.0,0.0,13.419,0.0,554.79,-554.79,0.9982463684594153,99.82463684594153
39,2025-02-14 23:00:00+00:00,0.998246,0.998196,99.8246,99.8196,4.255707762557078e-05,7.856168067156072e-06,5.0413245692770836e-05,80.1053,0.4005,13.8195,397.41,680.58,-283.17,0.9981959552137225,99.81959552137225
40,2025-02-15 23:00:00+00:00,0.998196,0.998144,99.8196,99.8144,4.4383561643835604e-05,7.856168067156072e-06,5.223972971102331e-05,80.1053,0.4005,14.22,3127.61,705.24,2422.38,0.9981437154840115,99.81437154840116
41,2025-02-16 23:00:00+00:00,0.998144,0.998091,99.8144,99.8091,4.4383561643835604e-05,7.856168067156072e-06,5.223972971102331e-05,80.1053,0.4005,14.6205,697.64,705.24,-7.6,0.9980914757543005,99.80914757543005
42,2025-02-17 23:00:00+00:00,0.998091,0.998033,99.8091,99.8033,4.370210829507077e-05,1.497266180380703e-05,5.867477009890987e-05,105.4017,0.527,15.1475,5795.15,792.11,5003.04,0.9980328009842016,99.80328009842016
43,2025-02-18 23:00:00+00:00,0.998033,0.997982,99.8033,99.7982,4.337899543378996e-05,7.856168067156072e-06,5.1235163500917835e-05,80.1053,0.4005,15.5481,578.58,691.67,-113.09,0.9979815658207006,99.79815658207006
44,2025-02-19 23:00:00+00:00,0.997982,0.997929,99.7982,99.7929,4.1268550228310504e-05,1.1765206900846878e-05,5.30337571291728e-05,95.125,0.4756,16.0237,4221.53,715.96,3505.57,0.9979285320635715,99.79285320635715
45,2025-02-20 23:00:00+00:00,0.997929,0.997874,99.7929,99.7874,4.6940639269406394e-05,7.856168067156072e-06,5.4796807336554565e-05,80.1053,0.4005,16.4242,622.62,739.76,-117.14,0.9978737352562349,99.7873735256235
46,2025-02-21 23:00:00+00:00,0.997874,0.997822,99.7874,99.7822,4.385844748858446e-05,7.856168067156072e-06,5.171461555575352e-05,80.1053,0.4005,16.8247,816.09,698.15,117.94,0.9978220206406792,99.78220206406792
47,2025-02-22 23:00:00+00:00,0.997822,0.997769,99.7822,99.7769,4.557077625570776e-05,7.856168067156072e-06,5.342694432286521e-05,80.1053,0.4005,17.2253,779.14,721.26,57.87,0.9977685936963563,99.77685936963563
48,2025-02-23 23:00:00+00:00,0.997769,0.997727,99.7769,99.7727,4.1095890410958905e-05,0.0,4.109589041101369e-05,0.0,0.0,17.2253,0.0,554.79,-554.79,0.9977274978059453,99.77274978059452
49,2025-02-24 23:00:00+00:00,0.997727,0.997675,99.7727,99.7675,4.495433789954338e-05,7.856168067156072e-06,5.2810505966727206e-05,80.1053,0.4005,17.6258,694.22,712.94,-18.72,0.9976746872999785,99.76746872999786
50,2025-02-25 23:00:00+00:00,0.997675,0.997619,99.7675,99.7619,4.3889929366438366e-05,1.176520690084688e-05,5.565513626726304e-05,95.125,0.4756,18.1014,765.88,751.34,14.54,0.9976190321637113,99.76190321637112
51,2025-02-26 23:00:00+00:00,0.997619,0.997567,99.7619,99.7567,4.4383561643835604e-05,7.856168067156072e-06,5.223972971102331e-05,80.1053,0.4005,18.5019,821.49,705.24,116.26,0.9975667924340003,99.75667924340003
52,2025-02-27 23:00:00+00:00,0.997567,0.997513,99.7567,99.7513,4.557077625570776e-05,7.856168067156072e-06,5.342694432286521e-05,80.1053,0.4005,18.9025,677.05,721.26,-44.21,0.9975133654896774,99.75133654896774
53,2025-02-28 23:00:00+00:00,0.997513,0.997457,99.7513,99.7457,4.84931506849315e-05,7.856168067156072e-06,5.634931875209137e-05,80.1053,0.4005,19.303,-8.89,760.72,-769.61,0.9974570161709253,99.74570161709254
54,2025-03-01 23:00:00+00:00,0.997457,0.997406,99.7457,99.7406,4.2945205479452046e-05,7.856168067156072e-06,5.080137354662728e-05,80.1053,0.4005,19.7035,750.65,685.82,64.83,0.9974062147973787,99.74062147973787
55,2025-03-02 23:00:00+00:00,0.997406,0.997355,99.7406,99.7355,4.337899543378996e-05,7.856168067156072e-06,5.1235163500917835e-05,80.1053,0.4005,20.1041,582.46,691.67,-109.22,0.9973549796338778,99.73549796338777
56,2025-03-03 23:00:00+00:00,0.997355,0.997297,99.7355,99.7297,4.573202054794521e-05,1.176520690084688e-05,5.749722744874397e-05,95.125,0.4756,20.5797,4682.49,776.21,3906.28,0.997297482406429,99.7297482406429
57,2025-03-04 23:00:00+00:00,0.997297,0.997241,99.7297,99.7241,4.84931506849315e-05,7.856168067156072e-06,5.634931875209137e-05,80.1053,0.4005,20.9802,1402.1,760.72,641.39,0.9972411330876769,99.7241133087677
58,2025-03-05 23:00:00+00:00,0.997241,0.997191,99.7241,99.7191,4.255707762557078e-05,7.856168067156072e-06,5.0413245692770836e-05,80.1053,0.4005,21.3807,656.21,680.58,-24.37,0.9971907198419842,99.71907198419842
59,2025-03-06 23:00:00+00:00,0.997191,0.99714,99.7191,99.714,4.255707762557078e-05,7.856168067156072e-06,5.0413245692770836e-05,80.1053,0.4005,21.7813,326.52,680.58,-354.06,0.9971403065962914,99.71403065962915
60,2025-03-07 23:00:00+00:00,0.99714,0.997086,99.714,99.7086,4.623287671232877e-05,7.856168067156072e-06,5.408904477943732e-05,80.1053,0.4005,22.1818,693.74,730.2,-36.46,0.9970862175515119,99.7086217551512
61,2025-03-08 23:00:00+00:00,0.997086,0.997037,99.7086,99.7037,4.146118721461187e-05,7.856168067156072e-06,4.931735528179715e-05,80.1053,0.4005,22.5823,2238.56,665.78,1572.78,0.9970369001962301,99.70369001962301
62,2025-03-09 23:00:00+00:00,0.997037,0.996996,99.7037,99.6996,4.1095890410958905e-05,0.0,4.109589041101369e-05,0.0,0.0,22.5823,0.0,554.79,-554.79,0.9969958043058191,99.69958043058192
63,2025-03-10 23:00:00+00:00,0.996996,0.996942,99.6996,99.6942,4.557077625570776e-05,7.856168067156072e-06,5.342694432286521e-05,80.1053,0.4005,22.9828,963.4,721.26,242.14,0.9969423773614963,99.69423773614963
64,2025-03-11 23:00:00+00:00,0.996942,0.996901,99.6942,99.6901,4.1095890410958905e-05,0.0,4.109589041101369e-05,0.0,0.0,22.9828,0.0,554.79,-554.79,0.9969012814710853,99.69012814710852
65,2025-03-12 23:00:00+00:00,0.996901,0.996849,99.6901,99.6849,4.4383561643835604e-05,7.856168067156072e-06,5.223972971102331e-05,80.1053,0.4005,23.3834,526.92,705.24,-178.32,0.9968490417413742,99.68490417413743
66,2025-03-13 23:00:00+00:00,0.996849,0.996796,99.6849,99.6796,4.495433789954338e-05,7.856168067156072e-06,5.2810505966727206e-05,80.1053,0.4005,23.7839,874.33,712.94,161.39,0.9967962312354075,99.67962312354075
67,2025-03-14 23:00:00+00:00,0.996796,0.996744,99.6796,99.6744,4.4383561643835604e-05,7.856168067156072e-06,5.223972971102331e-05,80.1053,0.4005,24.1844,4479.87,705.24,3774.63,0.9967439915056965,99.67439915056964
68,2025-03-15 23:00:00+00:00,0.996744,0.996703,99.6744,99.6703,4.1095890410958905e-05,0.0,4.109589041101369e-05,0.0,0.0,24.1844,0.0,554.79,-554.79,0.9967028956152855,99.67028956152855
69,2025-03-16 23:00:00+00:00,0.996703,0.996651,99.6703,99.6651,4.4383561643835604e-05,7.856168067156072e-06,5.223972971102331e-05,80.1053,0.4005,24.5849,506.81,705.24,-198.42,0.9966506558855744,99.66506558855744
70,2025-03-17 23:00:00+00:00,0.996651,0.99661,99.6651,99.661,4.1095890410958905e-05,0.0,4.109589041101369e-05,0.0,0.0,24.5849,0.0,554.79,-554.79,0.9966095599951634,99.66095599951635
71,2025-03-18 23:00:00+00:00,0.99661,0.996558,99.661,99.6558,4.337899543378996e-05,7.856168067156072e-06,5.1235163500917835e-05,80.1053,0.4005,24.9855,787.62,691.67,95.94,0.9965583248316625,99.65583248316625
72,2025-03-19 23:00:00+00:00,0.996558,0.996504,99.6558,99.6504,4.623287671232877e-05,7.856168067156072e-06,5.408904477943732e-05,80.1053,0.4005,25.386,692.71,730.2,-37.5,0.9965042357868831,99.6504235786883
73,2025-03-20 23:00:00+00:00,0.996504,0.996453,99.6504,99.6453,4.385844748858446e-05,7.856168067156072e-06,5.171461555575352e-05,80.1053,0.4005,25.7865,2061.64,698.15,1363.49,0.9964525211713273,99.64525211713273
74,2025-03-21 23:00:00+00:00,0.996453,0.9964,99.6453,99.64,4.495433789954338e-05,7.856168067156072e-06,5.2810505966727206e-05,80.1053,0.4005,26.1871,2104.59,712.94,1391.65,0.9963997106653606,99.63997106653606
75,2025-03-22 23:00:00+00:00,0.9964,0.996347,99.64,99.6347,4.495433789954338e-05,7.856168067156072e-06,5.2810505966727206e-05,80.1053,0.4005,26.5876,50.89,712.94,-662.05,0.9963469001593939,99.63469001593938
76,2025-03-23 23:00:00+00:00,0.996347,0.996296,99.6347,99.6296,4.2945205479452046e-05,7.856168067156072e-06,5.080137354662728e-05,80.1053,0.4005,26.9881,500.86,685.82,-184.96,0.9962960987858472,99.62960987858473
77,2025-03-24 23:00:00+00:00,0.996296,0.996215,99.6296,99.6215,4.1276487585616436e-05,4.0052625e-05,8.132911258562636e-05,160.2105,0.8011,27.7892,5766.98,1097.94,4669.03,0.9962147696732616,99.62147696732616
78,2025-03-25 23:00:00+00:00,0.996215,0.996164,99.6215,99.6164,4.2945205479452046e-05,7.856168067156072e-06,5.080137354662728e-05,80.1053,0.4005,28.1897,698.05,685.82,12.24,0.996163968299715,99.61639682997149
79,2025-03-26 23:00:00+00:00,0.996164,0.996112,99.6164,99.6112,4.4383561643835604e-05,7.856168067156072e-06,5.223972971102331e-05,80.1053,0.4005,28.5902,674.23,705.24,-31.01,0.996111728570004,99.6111728570004
80,2025-03-27 23:00:00+00:00,0.996112,0.996058,99.6112,99.6058,4.623287671232877e-05,7.856168067156072e-06,5.408904477943732e-05,80.1053,0.4005,28.9907,408.89,730.2,-321.32,0.9960576395252245,99.60576395252245
81,2025-03-28 23:00:00+00:00,0.996058,0.996007,99.6058,99.6007,4.2945205479452046e-05,7.856168067156072e-06,5.080137354662728e-05,80.1053,0.4005,29.3913,3768.99,685.82,3083.17,0.9960068381516779,99.60068381516778
82,2025-03-29 23:00:00+00:00,0.996007,0.995956,99.6007,99.5956,4.2945205479452046e-05,7.856168067156072e-06,5.080137354662728e-05,80.1053,0.4005,29.7918,633.08,685.82,-52.73,0.9959560367781313,99.59560367781313
83,2025-03-30 23:00:00+00:00,0.995956,0.995903,99.5956,99.5903,4.495433789954337e-05,7.856168067156072e-06,5.2810505966727206e-05,80.1053,0.4005,30.1923,735.86,712.94,22.92,0.9959032262721645,99.59032262721645
84,2025-03-31 23:00:00+00:00,0.995903,0.995848,99.5903,99.5848,4.6940639269406394e-05,7.856168067156072e-06,5.4796807336554565e-05,80.1053,0.4005,30.5928,618.42,739.76,-121.34,0.995848429464828,99.5848429464828
85,2025-04-01 23:00:00+00:00,0.995848,0.995797,99.5848,99.5797,4.385844748858446e-05,7.856168067156072e-06,5.171461555575352e-05,80.1053,0.4005,30.9934,636.28,698.15,-61.87,0.9957967148492722,99.57967148492722
86,2025-04-02 23:00:00+00:00,0.995797,0.995746,99.5797,99.5746,4.255707762557078e-05,7.856168067156072e-06,5.0413245692770836e-05,80.1053,0.4005,31.3939,340.75,680.58,-339.83,0.9957463016035795,99.57463016035794
87,2025-04-03 23:00:00+00:00,0.995746,0.995705,99.5746,99.5705,4.1095890410958905e-05,0.0,4.109589041101369e-05,0.0,0.0,31.3939,0.0,554.79,-554.79,0.9957052057131685,99.57052057131685
88,2025-04-04 23:00:00+00:00,0.995705,0.99565,99.5705,99.565,4.7694063926940626e-05,7.856168067156072e-06,5.5550231994105914e-05,80.1053,0.4005,31.7944,1880.1,749.93,1130.17,0.9956496554811743,99.56496554811743
89,2025-04-05 23:00:00+00:00,0.99565,0.995596,99.565,99.5596,4.557077625570776e-05,7.856168067156072e-06,5.342694432286521e-05,80.1053,0.4005,32.1949,370.63,721.26,-350.64,0.9955962285368515,99.55962285368514
90,2025-04-06 23:00:00+00:00,0.995596,0.995545,99.5596,99.5545,4.2945205479452046e-05,7.856168067156072e-06,5.080137354662728e-05,80.1053,0.4005,32.5955,620.09,685.82,-65.73,0.9955454271633049,99.55454271633049
91,2025-04-07 23:00:00+00:00,0.995545,0.995491,99.5545,99.5491,4.238013698630137e-05,1.176520690084688e-05,5.4145343887146424e-05,95.125,0.4756,33.0711,2218.63,730.96,1487.67,0.9954912818194177,99.54912818194177
92,2025-04-08 23:00:00+00:00,0.995491,0.995437,99.5491,99.5437,4.623287671232877e-05,7.856168067156072e-06,5.408904477943732e-05,80.1053,0.4005,33.4716,816.44,730.2,86.24,0.9954371927746383,99.54371927746382
93,2025-04-09 23:00:00+00:00,0.995437,0.995385,99.5437,99.5385,4.4383561643835604e-05,7.856168067156072e-06,5.223972971102331e-05,80.1053,0.4005,33.8722,2080.0,705.24,1374.76,0.9953849530449272,99.53849530449273
94,2025-04-10 23:00:00+00:00,0.995385,0.995332,99.5385,99.5332,4.557077625570776e-05,7.856168067156072e-06,5.342694432286521e-05,80.1053,0.4005,34.2727,523.41,721.26,-197.85,0.9953315261006044,99.53315261006044
95,2025-04-11 23:00:00+00:00,0.995332,0.995276,99.5332,99.5276,4.352391909246575e-05,1.1765206900846878e-05,5.528912599328528e-05,95.125,0.4756,34.7483,3651.54,746.4,2905.14,0.9952762369746111,99.52762369746111
96,2025-04-12 23:00:00+00:00,0.995276,0.995223,99.5276,99.5223,4.495433789954338e-05,7.856168067156072e-06,5.2810505966727206e-05,80.1053,0.4005,35.1488,726.05,712.94,13.11,0.9952234264686444,99.52234264686443
97,2025-04-13 23:00:00+00:00,0.995223,0.995171,99.5223,99.5171,4.495433789954337e-05,7.856168067156072e-06,5.2810505966727206e-05,80.1053,0.4005,35.5494,687.11,712.94,-25.83,0.9951706159626776,99.51706159626777
98,2025-04-14 23:00:00+00:00,0.995171,0.99512,99.5171,99.512,4.2945205479452046e-05,7.856168067156072e-06,5.080137354662728e-05,80.1053,0.4005,35.9499,388.6,685.82,-297.22,0.995119814589131,99.5119814589131
99,2025-04-15 23:00:00+00:00,0.99512,0.995067,99.512,99.5067,4.495433789954338e-05,7.856168067156072e-06,5.2810505966727206e-05,80.1053,0.4005,36.3504,332.27,712.94,-380.67,0.9950670040831643,99.50670040831643
100,2025-04-16 23:00:00+00:00,0.995067,0.994986,99.5067,99.4986,4.111096247146119e-05,4.0052625e-05,8.116358747145558e-05,160.2105,0.8011,37.1515,2864.32,1095.71,1768.61,0.9949858404956928,99.49858404956929
101,2025-04-17 23:00:00+00:00,0.994986,0.994932,99.4986,99.4932,4.557077625570776e-05,7.856168067156072e-06,5.342694432286521e-05,80.1053,0.4005,37.552,764.38,721.26,43.12,0.99493241355137,99.493241355137
102,2025-04-18 23:00:00+00:00,0.994932,0.994891,99.4932,99.4891,4.1095890410958905e-05,0.0,4.109589041101369e-05,0.0,0.0,37.552,0.0,554.79,-554.79,0.994891317660959,99.4891317660959
103,2025-04-19 23:00:00+00:00,0.994891,0.99484,99.4891,99.484,4.337899543378996e-05,7.856168067156072e-06,5.1235163500917835e-05,80.1053,0.4005,37.9525,764.41,691.67,72.74,0.994840082497458,99.4840082497458
104,2025-04-20 23:00:00+00:00,0.99484,0.994788,99.484,99.4788,4.385844748858446e-05,7.856168067156072e-06,5.171461555575352e-05,80.1053,0.4005,38.353,1873.65,698.15,1175.51,0.9947883678819023,99.47883678819022
105,2025-04-21 23:00:00+00:00,0.994788,0.994707,99.4788,99.4707,4.110480878995433e-05,4.0052625e-05,8.115743379000229e-05,160.2105,0.8011,39.1541,2779.76,1095.63,1684.14,0.9947072104481123,99.47072104481123
106,2025-04-22 23:00:00+00:00,0.994707,0.994656,99.4707,99.4656,4.2945205479452046e-05,7.856168067156072e-06,5.080137354662728e-05,80.1053,0.4005,39.5546,766.41,685.82,80.6,0.9946564090745657,99.46564090745656
107,2025-04-23 23:00:00+00:00,0.994656,0.994605,99.4656,99.4605,4.337899543378996e-05,7.856168067156072e-06,5.1235163500917835e-05,80.1053,0.4005,39.9551,865.92,691.67,174.24,0.9946051739110647,99.46051739110648
108,2025-04-24 23:00:00+00:00,0.994605,0.994554,99.4605,99.4554,4.337899543378996e-05,7.856168067156072e-06,5.1235163500917835e-05,80.1053,0.4005,40.3557,480.87,691.67,-210.8,0.9945539387475638,99.45539387475638
109,2025-04-25 23:00:00+00:00,0.994554,0.994498,99.4554,99.4498,4.7694063926940626e-05,7.856168067156072e-06,5.5550231994105914e-05,80.1053,0.4005,40.7562,432.6,749.93,-317.33,0.9944983885155697,99.44983885155698
110,2025-04-26 23:00:00+00:00,0.994498,0.994445,99.4498,99.4445,4.557077625570776e-05,7.856168067156072e-06,5.342694432286521e-05,80.1053,0.4005,41.1567,558.16,721.26,-163.11,0.9944449615712468,99.44449615712469
111,2025-04-27 23:00:00+00:00,0.994445,0.994394,99.4445,99.4394,4.2945205479452046e-05,7.856168067156072e-06,5.080137354662728e-05,80.1053,0.4005,41.5573,6333.38,685.82,5647.56,0.9943941601977002,99.43941601977002
112,2025-04-28 23:00:00+00:00,0.994394,0.994334,99.4394,99.4334,5.214611872146119e-05,7.856168067156072e-06,6.0002286788596315e-05,80.1053,0.4005,41.9578,1581.51,810.03,771.48,0.9943341579109116,99.43341579109116
113,2025-04-29 23:00:00+00:00,0.994334,0.994281,99.4334,99.4281,4.495433789954337e-05,7.856168067156072e-06,5.2810505966727206e-05,80.1053,0.4005,42.3583,673.44,712.94,-39.51,0.9942813474049449,99.42813474049449
114,2025-04-30 23:00:00+00:00,0.994281,0.99424,99.4281,99.424,4.1095890410958905e-05,0.0,4.109589041101369e-05,0.0,0.0,42.3583,0.0,554.79,-554.79,0.9942402515145339,99.42402515145339
115,2025-05-01 23:00:00+00:00,0.99424,0.994189,99.424,99.4189,4.337899543378996e-05,7.856168067156072e-06,5.1235163500917835e-05,80.1053,0.4005,42.7588,565.16,691.67,-126.51,0.994189016351033,99.4189016351033
116,2025-05-02 23:00:00+00:00,0.994189,0.994137,99.4189,99.4137,4.4383561643835604e-05,7.856168067156072e-06,5.223972971102331e-05,80.1053,0.4005,43.1594,740.37,705.24,35.14,0.9941367766213219,99.41367766213219
117,2025-05-03 23:00:00+00:00,0.994137,0.994085,99.4137,99.4085,4.385844748858446e-05,7.856168067156072e-06,5.171461555575352e-05,80.1053,0.4005,43.5599,2894.16,698.15,2196.01,0.9940850620057662,99.40850620057662
118,2025-05-04 23:00:00+00:00,0.994085,0.994034,99.4085,99.4034,4.2945205479452046e-05,7.856168067156072e-06,5.080137354662728e-05,80.1053,0.4005,43.9604,720.2,685.82,34.38,0.9940342606322196,99.40342606322196
119,2025-05-05 23:00:00+00:00,0.994034,0.993981,99.4034,99.3981,4.557077625570776e-05,7.856168067156072e-06,5.342694432286521e-05,80.1053,0.4005,44.3609,710.96,721.26,-10.3,0.9939808336878967,99.39808336878967
120,2025-05-06 23:00:00+00:00,0.993981,0.99393,99.3981,99.393,4.2945205479452046e-05,7.856168067156072e-06,5.080137354662728e-05,80.1053,0.4005,44.7615,659.31,685.82,-26.51,0.9939300323143501,99.393003231435
121,2025-05-07 23:00:00+00:00,0.99393,0.993877,99.393,99.3877,4.495433789954337e-05,7.856168067156072e-06,5.2810505966727206e-05,80.1053,0.4005,45.162,469.41,712.94,-243.53,0.9938772218083833,99.38772218083834
122,2025-05-08 23:00:00+00:00,0.993877,0.993836,99.3877,99.3836,4.1095890410958905e-05,0.0,4.109589041101369e-05,0.0,0.0,45.162,0.0,554.79,-554.79,0.9938361259179723,99.38361259179723
123,2025-05-09 23:00:00+00:00,0.993836,0.993754,99.3836,99.3754,4.248938712899543e-05,4.0052625e-05,8.254201212898327e-05,160.2105,0.8011,45.963,4620.86,1114.32,3506.54,0.9937535839058433,99.37535839058434
124,2025-05-10 23:00:00+00:00,0.993754,0.993672,99.3754,99.3672,4.1969980736301365e-05,4.0052625e-05,8.202260573630937e-05,160.2105,0.8011,46.7641,994.27,1107.31,-113.04,0.993671561300107,99.3671561300107
125,2025-05-11 23:00:00+00:00,0.993672,0.99362,99.3672,99.362,4.385844748858446e-05,7.856168067156072e-06,5.171461555575352e-05,80.1053,0.4005,47.1646,590.92,698.15,-107.23,0.9936198466845513,99.36198466845512
126,2025-05-12 23:00:00+00:00,0.99362,0.993567,99.362,99.3567,4.131884988584475e-05,1.176520690084688e-05,5.308405678672301e-05,95.125,0.4756,47.6402,1817.83,716.63,1101.19,0.9935667626277646,99.35667626277646
127,2025-05-13 23:00:00+00:00,0.993567,0.993526,99.3567,99.3526,4.1095890410958905e-05,0.0,4.109589041101369e-05,0.0,0.0,47.6402,0.0,554.79,-554.79,0.9935256667373535,99.35256667373535
128,2025-05-14 23:00:00+00:00,0.993526,0.993475,99.3526,99.3475,4.2945205479452046e-05,7.856168067156072e-06,5.080137354662728e-05,80.1053,0.4005,48.0408,715.01,685.82,29.2,0.9934748653638069,99.34748653638069
129,2025-05-15 23:00:00+00:00,0.993475,0.993423,99.3475,99.3423,4.4383561643835604e-05,7.856168067156072e-06,5.223972971102331e-05,80.1053,0.4005,48.4413,633.1,705.24,-72.13,0.9934226256340959,99.34226256340959
130,2025-05-16 23:00:00+00:00,0.993423,0.993367,99.3423,99.3367,4.7694063926940626e-05,7.856168067156072e-06,5.5550231994105914e-05,80.1053,0.4005,48.8418,585.43,749.93,-164.5,0.9933670754021018,99.33670754021018
131,2025-05-17 23:00:00+00:00,0.993367,0.993309,99.3367,99.3309,5.0228310502283106e-05,7.856168067156072e-06,5.808447856947563e-05,80.1053,0.4005,49.2424,571.2,784.14,-212.94,0.9933089909235323,99.33089909235323
132,2025-05-18 23:00:00+00:00,0.993309,0.993256,99.3309,99.3256,4.495433789954337e-05,7.856168067156072e-06,5.2810505966727206e-05,80.1053,0.4005,49.6429,689.27,712.94,-23.67,0.9932561804175656,99.32561804175656
133,2025-05-19 23:00:00+00:00,0.993256,0.993202,99.3256,99.3202,4.623287671232877e-05,7.856168067156072e-06,5.408904477943732e-05,80.1053,0.4005,50.0434,509.34,730.2,-220.86,0.9932020913727861,99.32020913727861
134,2025-05-20 23:00:00+00:00,0.993202,0.993151,99.3202,99.3151,4.337899543378996e-05,7.856168067156072e-06,5.1235163500917835e-05,80.1053,0.4005,50.4439,627.53,691.67,-64.14,0.9931508562092852,99.31508562092853
135,2025-05-21 23:00:00+00:00,0.993151,0.993099,99.3151,99.3099,4.4383561643835604e-05,7.856168067156072e-06,5.223972971102331e-05,80.1053,0.4005,50.8445,721.77,705.24,16.54,0.9930986164795742,99.30986164795742
136,2025-05-22 23:00:00+00:00,0.993099,0.993046,99.3099,99.3046,4.495433789954337e-05,7.856168067156072e-06,5.2810505966727206e-05,80.1053,0.4005,51.245,3876.83,712.94,3163.89,0.9930458059736075,99.30458059736075
137,2025-05-23 23:00:00+00:00,0.993046,0.992991,99.3046,99.2991,4.6940639269406394e-05,7.856168067156072e-06,5.4796807336554565e-05,80.1053,0.4005,51.6455,726.62,739.76,-13.13,0.9929910091662709,99.2991009166271
138,2025-05-24 23:00:00+00:00,0.992991,0.992938,99.2991,99.2938,4.495433789954337e-05,7.856168067156072e-06,5.2810505966727206e-05,80.1053,0.4005,52.046,480.0,712.94,-232.94,0.9929381986603042,99.29381986603042
139,2025-05-25 23:00:00+00:00,0.992938,0.992885,99.2938,99.2885,4.557077625570776e-05,7.856168067156072e-06,5.342694432286521e-05,80.1053,0.4005,52.4466,718.28,721.26,-2.98,0.9928847717159813,99.28847717159813
140,2025-05-26 23:00:00+00:00,0.992885,0.992804,99.2885,99.2804,4.109910102739726e-05,4.0052625e-05,8.115172602740639e-05,160.2105,0.8011,53.2476,3301.33,1095.55,2205.78,0.9928036199899539,99.28036199899539
141,2025-05-27 23:00:00+00:00,0.992804,0.992763,99.2804,99.2763,4.1095890410958905e-05,0.0,4.109589041101369e-05,0.0,0.0,53.2476,0.0,554.79,-554.79,0.9927625240995429,99.2762524099543
142,2025-05-28 23:00:00+00:00,0.992763,0.99271,99.2763,99.271,4.4383561643835604e-05,7.856168067156072e-06,5.223972971102331e-05,80.1053,0.4005,53.6481,508.43,705.24,-196.81,0.9927102843698319,99.27102843698319
143,2025-05-29 23:00:00+00:00,0.99271,0.992659,99.271,99.2659,4.385844748858446e-05,7.856168067156072e-06,5.171461555575352e-05,80.1053,0.4005,54.0487,768.82,698.15,70.67,0.9926585697542761,99.26585697542761
144,2025-05-30 23:00:00+00:00,0.992659,0.992606,99.2659,99.2606,4.495433789954337e-05,7.856168067156072e-06,5.2810505966727206e-05,80.1053,0.4005,54.4492,1660.48,712.94,947.54,0.9926057592483094,99.26057592483095
145,2025-05-31 23:00:00+00:00,0.992606,0.992565,99.2606,99.2565,4.1095890410958905e-05,0.0,4.109589041101369e-05,0.0,0.0,54.4492,0.0,554.79,-554.79,0.9925646633578984,99.25646633578984
146,2025-06-01 23:00:00+00:00,0.992565,0.992509,99.2565,99.2509,4.421455836187214e-05,1.176520690084688e-05,5.5979765262725856e-05,95.125,0.4756,54.9248,696.28,755.73,-59.45,0.9925086835926357,99.25086835926356
147,2025-06-02 23:00:00+00:00,0.992509,0.992468,99.2509,99.2468,4.1095890410958905e-05,0.0,4.109589041101369e-05,0.0,0.0,54.9248,0.0,554.79,-554.79,0.9924675877022247,99.24675877022247
148,2025-06-03 23:00:00+00:00,0.992468,0.992418,99.2468,99.2418,4.2214611872146116e-05,7.856168067156072e-06,5.00707799393485e-05,80.1053,0.4005,55.3254,4074.21,675.96,3398.25,0.9924175169222853,99.24175169222853
149,2025-06-04 23:00:00+00:00,0.992418,0.992363,99.2418,99.2363,4.6940639269406394e-05,7.856168067156072e-06,5.4796807336554565e-05,80.1053,0.4005,55.7259,444.72,739.76,-295.03,0.9923627201149487,99.23627201149488
150,2025-06-05 23:00:00+00:00,0.992363,0.992322,99.2363,99.2322,4.1095890410958905e-05,0.0,4.109589041101369e-05,0.0,0.0,55.7259,0.0,554.79,-554.79,0.9923216242245377,99.23216242245377
151,2025-06-06 23:00:00+00:00,0.992322,0.992268,99.2322,99.2268,4.557077625570776e-05,7.856168067156072e-06,5.342694432286521e-05,80.1053,0.4005,56.1264,729.86,721.26,8.6,0.9922681972802149,99.22681972802148
152,2025-06-07 23:00:00+00:00,0.992268,0.992216,99.2268,99.2216,4.385844748858446e-05,7.856168067156072e-06,5.171461555575352e-05,80.1053,0.4005,56.5269,750.69,698.15,52.54,0.9922164826646591,99.2216482664659
153,2025-06-08 23:00:00+00:00,0.992216,0.992164,99.2216,99.2164,4.495433789954338e-05,7.856168067156072e-06,5.2810505966727206e-05,80.1053,0.4005,56.9275,759.2,712.94,46.26,0.9921636721586924,99.21636721586924
154,2025-06-09 23:00:00+00:00,0.992164,0.992095,99.2164,99.2095,4.393162115919863e-05,2.489204651992944e-05,6.882366767912984e-05,175.2303,0.8762,57.8036,3931.88,929.12,3002.76,0.9920948484910133,99.20948484910133
155,2025-06-10 23:00:00+00:00,0.992095,0.992042,99.2095,99.2042,4.495433789954337e-05,7.856168067156072e-06,5.2810505966727206e-05,80.1053,0.4005,58.2041,546.39,712.94,-166.55,0.9920420379850465,99.20420379850465
156,2025-06-11 23:00:00+00:00,0.992042,0.99199,99.2042,99.199,4.4383561643835604e-05,7.856168067156072e-06,5.223972971102331e-05,80.1053,0.4005,58.6047,573.42,705.24,-131.81,0.9919897982553355,99.19897982553356
157,2025-06-12 23:00:00+00:00,0.99199,0.991938,99.199,99.1938,4.4383561643835604e-05,7.856168067156072e-06,5.223972971102331e-05,80.1053,0.4005,59.0052,685.44,705.24,-19.79,0.9919375585256245,99.19375585256245
158,2025-06-13 23:00:00+00:00,0.991938,0.991886,99.1938,99.1886,4.385844748858446e-05,7.856168067156072e-06,5.171461555575352e-05,80.1053,0.4005,59.4057,531.51,698.15,-166.64,0.9918858439100687,99.18858439100687
159,2025-06-14 23:00:00+00:00,0.991886,0.991803,99.1886,99.1803,4.242330194063927e-05,4.0052625e-05,8.247592694066164e-05,160.2105,0.8011,60.2068,5363.69,1113.43,4250.27,0.9918033679831281,99.18033679831281
160,2025-06-15 23:00:00+00:00,0.991803,0.991751,99.1803,99.1751,4.495433789954338e-05,7.856168067156072e-06,5.2810505966727206e-05,80.1053,0.4005,60.6073,914.15,712.94,201.21,0.9917505574771613,99.17505574771613
161,2025-06-16 23:00:00+00:00,0.991751,0.991669,99.1751,99.1669,4.1802315211187214e-05,4.0052625e-05,8.1854940211179e-05,160.2105,0.8011,61.4083,2467.29,1105.04,1362.25,0.9916687025369502,99.16687025369501
162,2025-06-17 23:00:00+00:00,0.991669,0.991628,99.1669,99.1628,4.1095890410958905e-05,0.0,4.109589041101369e-05,0.0,0.0,61.4083,0.0,554.79,-554.79,0.9916276066465392,99.16276066465392
163,2025-06-18 23:00:00+00:00,0.991628,0.991575,99.1628,99.1575,4.4383561643835604e-05,7.856168067156072e-06,5.223972971102331e-05,80.1053,0.4005,61.8089,731.44,705.24,26.2,0.9915753669168281,99.15753669168281
164,2025-06-19 23:00:00+00:00,0.991575,0.991523,99.1575,99.1523,4.495433789954338e-05,7.856168067156072e-06,5.2810505966727206e-05,80.1053,0.4005,62.2094,495.95,712.94,-216.99,0.9915225564108614,99.15225564108614
165,2025-06-20 23:00:00+00:00,0.991523,0.991469,99.1523,99.1469,4.557077625570776e-05,7.856168067156072e-06,5.342694432286521e-05,80.1053,0.4005,62.6099,2117.84,721.26,1396.58,0.9914691294665385,99.14691294665386
166,2025-06-21 23:00:00+00:00,0.991469,0.991417,99.1469,99.1417,4.4383561643835604e-05,7.856168067156072e-06,5.223972971102331e-05,80.1053,0.4005,63.0105,681.23,705.24,-24.01,0.9914168897368275,99.14168897368275
167,2025-06-22 23:00:00+00:00,0.991417,0.991363,99.1417,99.1363,4.557077625570776e-05,7.856168067156072e-06,5.342694432286521e-05,80.1053,0.4005,63.411,4172.39,721.26,3451.13,0.9913634627925046,99.13634627925046
168,2025-06-23 23:00:00+00:00,0.991363,0.99131,99.1363,99.131,4.557077625570776e-05,7.856168067156072e-06,5.342694432286521e-05,80.1053,0.4005,63.8115,545.16,721.26,-176.1,0.9913100358481818,99.13100358481817
169,2025-06-24 23:00:00+00:00,0.99131,0.991257,99.131,99.1257,4.557077625570776e-05,7.856168067156072e-06,5.342694432286521e-05,80.1053,0.4005,64.212,697.48,721.26,-23.79,0.9912566089038589,99.12566089038589
170,2025-06-25 23:00:00+00:00,0.991257,0.991203,99.1257,99.1203,4.557077625570776e-05,7.856168067156072e-06,5.342694432286521e-05,80.1053,0.4005,64.6126,688.55,721.26,-32.71,0.991203181959536,99.1203181959536
171,2025-06-26 23:00:00+00:00,0.991203,0.99115,99.1203,99.115,4.111595676369863e-05,1.1765206900846878e-05,5.2881163664530995e-05,95.125,0.4756,65.0882,3420.47,713.9,2706.57,0.9911503007958715,99.11503007958716
172,2025-06-27 23:00:00+00:00,0.99115,0.991097,99.115,99.1097,4.495433789954338e-05,7.856168067156072e-06,5.2810505966727206e-05,80.1053,0.4005,65.4887,480.59,712.94,-232.35,0.9910974902899048,99.10974902899048
173,2025-06-28 23:00:00+00:00,0.991097,0.991046,99.1097,99.1046,4.337899543378996e-05,7.856168067156072e-06,5.1235163500917835e-05,80.1053,0.4005,65.8892,510.51,691.67,-181.17,0.9910462551264039,99.10462551264038
174,2025-06-29 23:00:00+00:00,0.991046,0.991005,99.1046,99.1005,4.1095890410958905e-05,0.0,4.109589041101369e-05,0.0,0.0,65.8892,0.0,554.79,-554.79,0.9910051592359929,99.10051592359929
175,2025-06-30 23:00:00+00:00,0.991005,0.990949,99.1005,99.0949,4.84931506849315e-05,7.856168067156072e-06,5.634931875209137e-05,80.1053,0.4005,66.2898,697.44,760.72,-63.27,0.9909488099172408,99.09488099172408
176,2025-07-01 23:00:00+00:00,0.990949,0.99089,99.0949,99.089,5.116438356164383e-05,7.856168067156072e-06,5.902055162876341e-05,80.1053,0.4005,66.6903,4195.44,796.78,3398.66,0.990889789365612,99.0889789365612
177,2025-07-02 23:00:00+00:00,0.99089,0.990838,99.089,99.0838,4.4383561643835604e-05,7.856168067156072e-06,5.223972971102331e-05,80.1053,0.4005,67.0908,3046.58,705.24,2341.34,0.990837549635901,99.0837549635901
178,2025-07-03 23:00:00+00:00,0.990838,0.990796,99.0838,99.0796,4.1095890410958905e-05,0.0,4.109589041101369e-05,0.0,0.0,67.0908,0.0,554.79,-554.79,0.99079645374549,99.079645374549
179,2025-07-04 23:00:00+00:00,0.990796,0.990755,99.0796,99.0755,4.1095890410958905e-05,0.0,4.109589041101369e-05,0.0,0.0,67.0908,0.0,554.79,-554.79,0.990755357855079,99.0755357855079
180,2025-07-05 23:00:00+00:00,0.990755,0.990714,99.0755,99.0714,4.1095890410958905e-05,0.0,4.109589041101369e-05,0.0,0.0,67.0908,0.0,554.79,-554.79,0.9907142619646679,99.07142619646679
181,2025-07-06 23:00:00+00:00,0.990714,0.990673,99.0714,99.0673,4.1095890410958905e-05,0.0,4.109589041101369e-05,0.0,0.0,67.0908,0.0,554.79,-554.79,0.9906731660742569,99.0673166074257
182,2025-07-07 23:00:00+00:00,0.990673,0.990617,99.0673,99.0617,4.1260387747125574e-05,1.497266180380703e-05,5.6233049550935554e-05,105.4017,0.527,67.6178,4708.35,759.15,3949.2,0.990616933024706,99.0616933024706
183,2025-07-08 23:00:00+00:00,0.990617,0.990561,99.0617,99.0561,4.140578546402055e-05,1.497266180380703e-05,5.6378447267801945e-05,105.4017,0.527,68.1448,-183.4,761.11,-944.51,0.9905605545774382,99.05605545774382
184,2025-07-09 23:00:00+00:00,0.990561,0.990519,99.0561,99.0519,4.1095890410958905e-05,0.0,4.109589041101369e-05,0.0,0.0,68.1448,0.0,554.79,-554.79,0.9905194586870272,99.05194586870272
185,2025-07-10 23:00:00+00:00,0.990519,0.990478,99.0519,99.0478,4.1095890410958905e-05,0.0,4.109589041101369e-05,0.0,0.0,68.1448,0.0,554.79,-554.79,0.9904783627966162,99.04783627966161
186,2025-07-11 23:00:00+00:00,0.990478,0.990426,99.0478,99.0426,4.4383561643835604e-05,7.856168067156072e-06,5.223972971102331e-05,80.1053,0.4005,68.5454,603.97,705.24,-101.26,0.9904261230669051,99.04261230669051
187,2025-07-12 23:00:00+00:00,0.990426,0.990374,99.0426,99.0374,4.4383561643835604e-05,7.856168067156072e-06,5.223972971102331e-05,80.1053,0.4005,68.9459,998.45,705.24,293.21,0.9903738833371941,99.0373883337194
188,2025-07-13 23:00:00+00:00,0.990374,0.990318,99.0374,99.0318,4.140578546402055e-05,1.497266180380703e-05,5.6378447267801945e-05,105.4017,0.527,69.4729,4350.03,761.11,3588.92,0.9903175048899263,99.03175048899263
189,2025-07-14 23:00:00+00:00,0.990318,0.990276,99.0318,99.0276,4.1095890410958905e-05,0.0,4.109589041101369e-05,0.0,0.0,69.4729,0.0,554.79,-554.79,0.9902764089995153,99.02764089995154
190,2025-07-15 23:00:00+00:00,0.990276,0.990235,99.0276,99.0235,4.1095890410958905e-05,0.0,4.109589041101369e-05,0.0,0.0,69.4729,0.0,554.79,-554.79,0.9902353131091043,99.02353131091043
191,2025-07-16 23:00:00+00:00,0.990235,0.990194,99.0235,99.0194,4.1095890410958905e-05,0.0,4.109589041101369e-05,0.0,0.0,69.4729,0.0,554.79,-554.79,0.9901942172186933,99.01942172186932
192,2025-07-17 23:00:00+00:00,0.990194,0.990143,99.0194,99.0143,4.337899543378996e-05,7.856168067156072e-06,5.1235163500917835e-05,80.1053,0.4005,69.8734,733.94,691.67,42.26,0.9901429820551924,99.01429820551924
193,2025-07-18 23:00:00+00:00,0.990143,0.990087,99.0143,99.0087,4.7694063926940626e-05,7.856168067156072e-06,5.5550231994105914e-05,80.1053,0.4005,70.2739,745.72,749.93,-4.21,0.9900874318231982,99.00874318231982
194,2025-07-19 23:00:00+00:00,0.990087,0.990033,99.0087,99.0033,4.6940639269406394e-05,7.856168067156072e-06,5.4796807336554565e-05,80.1053,0.4005,70.6745,555.46,739.76,-184.3,0.9900326350158617,99.00326350158618
195,2025-07-20 23:00:00+00:00,0.990033,0.98998,99.0033,98.998,4.495433789954337e-05,7.856168067156072e-06,5.2810505966727206e-05,80.1053,0.4005,71.075,310.65,712.94,-402.29,0.989979824509895,98.9979824509895
196,2025-07-21 23:00:00+00:00,0.98998,0.989925,98.998,98.9925,4.6940639269406394e-05,7.856168067156072e-06,5.4796807336554565e-05,80.1053,0.4005,71.4755,405.07,739.76,-334.69,0.9899250277025584,98.99250277025584
197,2025-07-22 23:00:00+00:00,0.989925,0.989884,98.9925,98.9884,4.1095890410958905e-05,0.0,4.109589041101369e-05,0.0,0.0,71.4755,0.0,554.79,-554.79,0.9898839318121474,98.98839318121475
198,2025-07-23 23:00:00+00:00,0.989884,0.989843,98.9884,98.9843,4.1095890410958905e-05,0.0,4.109589041101369e-05,0.0,0.0,71.4755,0.0,554.79,-554.79,0.9898428359217364,98.98428359217364
199,2025-07-24 23:00:00+00:00,0.989843,0.989791,98.9843,98.9791,4.4383561643835604e-05,7.856168067156072e-06,5.223972971102331e-05,80.1053,0.4005,71.8761,838.17,705.24,132.94,0.9897905961920254,98.97905961920253
200,2025-07-25 23:00:00+00:00,0.989791,0.98974,98.9791,98.974,4.2945205479452046e-05,7.856168067156072e-06,5.080137354662728e-05,80.1053,0.4005,72.2766,-460.93,685.82,-1146.75,0.9897397948184787,98.97397948184788
201,2025-07-26 23:00:00+00:00,0.98974,0.989685,98.974,98.9685,4.6940639269406394e-05,7.856168067156072e-06,5.4796807336554565e-05,80.1053,0.4005,72.6771,510.48,739.76,-229.27,0.9896849980111422,98.96849980111422
202,2025-07-27 23:00:00+00:00,0.989685,0.989633,98.9685,98.9633,4.4383561643835604e-05,7.856168067156072e-06,5.223972971102331e-05,80.1053,0.4005,73.0776,643.51,705.24,-61.73,0.9896327582814312,98.96327582814311
203,2025-07-28 23:00:00+00:00,0.989633,0.989592,98.9633,98.9592,4.1095890410958905e-05,0.0,4.109589041101369e-05,0.0,0.0,73.0776,0.0,554.79,-554.79,0.9895916623910201,98.95916623910202
204,2025-07-29 23:00:00+00:00,0.989592,0.989537,98.9592,98.9537,4.6940639269406394e-05,7.856168067156072e-06,5.4796807336554565e-05,80.1053,0.4005,73.4782,2267.02,739.76,1527.26,0.9895368655836836,98.95368655836836
205,2025-07-30 23:00:00+00:00,0.989537,0.989486,98.9537,98.9486,4.337899543378996e-05,7.856168067156072e-06,5.1235163500917835e-05,80.1053,0.4005,73.8787,679.57,691.67,-12.1,0.9894856304201827,98.94856304201826
206,2025-07-31 23:00:00+00:00,0.989486,0.989445,98.9486,98.9445,4.1095890410958905e-05,0.0,4.109589041101369e-05,0.0,0.0,73.8787,0.0,554.79,-554.79,0.9894445345297717,98.94445345297717
207,2025-08-01 23:00:00+00:00,0.989445,0.989403,98.9445,98.9403,4.1095890410958905e-05,0.0,4.109589041101369e-05,0.0,0.0,73.8787,0.0,554.79,-554.79,0.9894034386393606,98.94034386393606
208,2025-08-02 23:00:00+00:00,0.989403,0.989321,98.9403,98.9321,4.209795947488584e-05,4.0052625e-05,8.215058447491597e-05,160.2105,0.8011,74.6797,947.53,1109.03,-161.51,0.9893212880548857,98.93212880548857
209,2025-08-03 23:00:00+00:00,0.989321,0.98928,98.9321,98.928,4.1095890410958905e-05,0.0,4.109589041101369e-05,0.0,0.0,74.6797,0.0,554.79,-554.79,0.9892801921644747,98.92801921644747
210,2025-08-04 23:00:00+00:00,0.98928,0.989239,98.928,98.9239,4.1095890410958905e-05,0.0,4.109589041101369e-05,0.0,0.0,74.6797,0.0,554.79,-554.79,0.9892390962740637,98.92390962740637
211,2025-08-05 23:00:00+00:00,0.989239,0.989198,98.9239,98.9198,4.1095890410958905e-05,0.0,4.109589041101369e-05,0.0,0.0,74.6797,0.0,554.79,-554.79,0.9891980003836527,98.91980003836527
212,2025-08-06 23:00:00+00:00,0.989198,0.989146,98.9198,98.9146,4.4383561643835604e-05,7.856168067156072e-06,5.223972971102331e-05,80.1053,0.4005,75.0803,1532.79,705.24,827.55,0.9891457606539417,98.91457606539417
213,2025-08-07 23:00:00+00:00,0.989146,0.989092,98.9146,98.9092,4.557077625570776e-05,7.856168067156072e-06,5.342694432286521e-05,80.1053,0.4005,75.4808,609.57,721.26,-111.7,0.9890923337096188,98.90923337096189
214,2025-08-08 23:00:00+00:00,0.989092,0.989051,98.9092,98.9051,4.1095890410958905e-05,0.0,4.109589041101369e-05,0.0,0.0,75.4808,0.0,554.79,-554.79,0.9890512378192078,98.90512378192078
215,2025-08-09 23:00:00+00:00,0.989051,0.988998,98.9051,98.8998,4.557077625570776e-05,7.856168067156072e-06,5.342694432286521e-05,80.1053,0.4005,75.8813,642.18,721.26,-79.08,0.9889978108748849,98.89978108748849
216,2025-08-10 23:00:00+00:00,0.988998,0.988947,98.8998,98.8947,4.2945205479452046e-05,7.856168067156072e-06,5.080137354662728e-05,80.1053,0.4005,76.2818,3451.62,685.82,2765.8,0.9889470095013383,98.89470095013382
217,2025-08-11 23:00:00+00:00,0.988947,0.988906,98.8947,98.8906,4.1095890410958905e-05,0.0,4.109589041101369e-05,0.0,0.0,76.2818,0.0,554.79,-554.79,0.9889059136109273,98.89059136109273
218,2025-08-12 23:00:00+00:00,0.988906,0.988865,98.8906,98.8865,4.1095890410958905e-05,0.0,4.109589041101369e-05,0.0,0.0,76.2818,0.0,554.79,-554.79,0.9888648177205163,98.88648177205162
219,2025-08-13 23:00:00+00:00,0.988865,0.988814,98.8865,98.8814,4.337899543378996e-05,7.856168067156072e-06,5.1235163500917835e-05,80.1053,0.4005,76.6824,205.2,691.67,-486.48,0.9888135825570153,98.88135825570153
220,2025-08-14 23:00:00+00:00,0.988814,0.988772,98.8814,98.8772,4.1095890410958905e-05,0.0,4.109589041101369e-05,0.0,0.0,76.6824,0.0,554.79,-554.79,0.9887724866666043,98.87724866666044
221,2025-08-15 23:00:00+00:00,0.988772,0.988721,98.8772,98.8721,4.385844748858446e-05,7.856168067156072e-06,5.171461555575352e-05,80.1053,0.4005,77.0829,732.81,698.15,34.66,0.9887207720510486,98.87207720510486
222,2025-08-16 23:00:00+00:00,0.988721,0.988667,98.8721,98.8667,4.557077625570776e-05,7.856168067156072e-06,5.342694432286521e-05,80.1053,0.4005,77.4834,439.2,721.26,-282.06,0.9886673451067257,98.86673451067257
223,2025-08-17 23:00:00+00:00,0.988667,0.988616,98.8667,98.8616,4.337899543378996e-05,7.856168067156072e-06,5.1235163500917835e-05,80.1053,0.4005,77.8839,378.21,691.67,-313.46,0.9886161099432248,98.86161099432248
224,2025-08-18 23:00:00+00:00,0.988616,0.988565,98.8616,98.8565,4.337899543378996e-05,7.856168067156072e-06,5.1235163500917835e-05,80.1053,0.4005,78.2845,489.39,691.67,-202.29,0.9885648747797239,98.8564874779724
225,2025-08-19 23:00:00+00:00,0.988565,0.988512,98.8565,98.8512,4.495433789954338e-05,7.856168067156072e-06,5.2810505966727206e-05,80.1053,0.4005,78.685,3051.02,712.94,2338.08,0.9885120642737572,98.85120642737571
226,2025-08-20 23:00:00+00:00,0.988512,0.988459,98.8512,98.8459,4.495433789954337e-05,7.856168067156072e-06,5.2810505966727206e-05,80.1053,0.4005,79.0855,411.38,712.94,-301.56,0.9884592537677904,98.84592537677904
227,2025-08-21 23:00:00+00:00,0.988459,0.988418,98.8459,98.8418,4.1095890410958905e-05,0.0,4.109589041101369e-05,0.0,0.0,79.0855,0.0,554.79,-554.79,0.9884181578773794,98.84181578773794
228,2025-08-22 23:00:00+00:00,0.988418,0.988366,98.8418,98.8366,4.4383561643835604e-05,7.856168067156072e-06,5.223972971102331e-05,80.1053,0.4005,79.4861,643.71,705.24,-61.52,0.9883659181476684,98.83659181476683
229,2025-08-23 23:00:00+00:00,0.988366,0.988325,98.8366,98.8325,4.1095890410958905e-05,0.0,4.109589041101369e-05,0.0,0.0,79.4861,0.0,554.79,-554.79,0.9883248222572574,98.83248222572574
230,2025-08-24 23:00:00+00:00,0.988325,0.988284,98.8325,98.8284,4.1095890410958905e-05,0.0,4.109589041101369e-05,0.0,0.0,79.4861,0.0,554.79,-554.79,0.9882837263668464,98.82837263668463
231,2025-08-25 23:00:00+00:00,0.988284,0.988231,98.8284,98.8231,4.4383561643835604e-05,7.856168067156072e-06,5.223972971102331e-05,80.1053,0.4005,79.8866,2901.44,705.24,2196.2,0.9882314866371353,98.82314866371354
232,2025-08-26 23:00:00+00:00,0.988231,0.98819,98.8231,98.819,4.1095890410958905e-05,0.0,4.109589041101369e-05,0.0,0.0,79.8866,0.0,554.79,-554.79,0.9881903907467243,98.81903907467243
233,2025-08-27 23:00:00+00:00,0.98819,0.988136,98.819,98.8136,4.623287671232877e-05,7.856168067156072e-06,5.408904477943732e-05,80.1053,0.4005,80.2871,676.07,730.2,-54.13,0.9881363017019449,98.81363017019449
234,2025-08-28 23:00:00+00:00,0.988136,0.988083,98.8136,98.8083,4.495433789954338e-05,7.856168067156072e-06,5.2810505966727206e-05,80.1053,0.4005,80.6876,536.23,712.94,-176.72,0.9880834911959782,98.80834911959782
235,2025-08-29 23:00:00+00:00,0.988083,0.988042,98.8083,98.8042,4.1095890410958905e-05,0.0,4.109589041101369e-05,0.0,0.0,80.6876,0.0,554.79,-554.79,0.9880423953055671,98.80423953055671
236,2025-08-30 23:00:00+00:00,0.988042,0.987986,98.8042,98.7986,4.1260387747125574e-05,1.497266180380703e-05,5.6233049550935554e-05,105.4017,0.527,81.2146,2849.04,759.15,2089.9,0.9879861622560162,98.79861622560162
237,2025-08-31 23:00:00+00:00,0.987986,0.987933,98.7986,98.7933,4.495433789954337e-05,7.856168067156072e-06,5.2810505966727206e-05,80.1053,0.4005,81.6152,2125.66,712.94,1412.71,0.9879333517500495,98.79333517500496
238,2025-09-01 23:00:00+00:00,0.987933,0.987881,98.7933,98.7881,4.495433789954338e-05,7.856168067156072e-06,5.2810505966727206e-05,80.1053,0.4005,82.0157,656.04,712.94,-56.91,0.9878805412440828,98.78805412440828
239,2025-09-02 23:00:00+00:00,0.987881,0.987839,98.7881,98.7839,4.1095890410958905e-05,0.0,4.109589041101369e-05,0.0,0.0,82.0157,0.0,554.79,-554.79,0.9878394453536717,98.78394453536717
240,2025-09-03 23:00:00+00:00,0.987839,0.987787,98.7839,98.7787,4.4383561643835604e-05,7.856168067156072e-06,5.223972971102331e-05,80.1053,0.4005,82.4162,335.8,705.24,-369.44,0.9877872056239607,98.77872056239607
241,2025-09-04 23:00:00+00:00,0.987787,0.987735,98.7787,98.7735,4.4383561643835604e-05,7.856168067156072e-06,5.223972971102331e-05,80.1053,0.4005,82.8167,1045.51,705.24,340.27,0.9877349658942497,98.77349658942497
242,2025-09-05 23:00:00+00:00,0.987735,0.987694,98.7735,98.7694,4.1095890410958905e-05,0.0,4.109589041101369e-05,0.0,0.0,82.8167,0.0,554.79,-554.79,0.9876938700038387,98.76938700038387
243,2025-09-06 23:00:00+00:00,0.987694,0.987653,98.7694,98.7653,4.1095890410958905e-05,0.0,4.109589041101369e-05,0.0,0.0,82.8167,0.0,554.79,-554.79,0.9876527741134277,98.76527741134277
244,2025-09-07 23:00:00+00:00,0.987653,0.987602,98.7653,98.7602,4.337899543378996e-05,7.856168067156072e-06,5.1235163500917835e-05,80.1053,0.4005,83.2173,607.67,691.67,-84.01,0.9876015389499267,98.76015389499267
245,2025-09-08 23:00:00+00:00,0.987602,0.98756,98.7602,98.756,4.1095890410958905e-05,0.0,4.109589041101369e-05,0.0,0.0,83.2173,0.0,554.79,-554.79,0.9875604430595157,98.75604430595158
246,2025-09-09 23:00:00+00:00,0.98756,0.987519,98.756,98.7519,4.1095890410958905e-05,0.0,4.109589041101369e-05,0.0,0.0,83.2173,0.0,554.79,-554.79,0.9875193471691047,98.75193471691047
247,2025-09-10 23:00:00+00:00,0.987519,0.987468,98.7519,98.7468,4.337899543378996e-05,7.856168067156072e-06,5.1235163500917835e-05,80.1053,0.4005,83.6178,400.78,691.67,-290.89,0.9874681120056038,98.74681120056039
248,2025-09-11 23:00:00+00:00,0.987468,0.987416,98.7468,98.7416,4.385844748858446e-05,7.856168067156072e-06,5.171461555575352e-05,80.1053,0.4005,84.0183,585.69,698.15,-112.46,0.987416397390048,98.74163973900481
249,2025-09-12 23:00:00+00:00,0.987416,0.987375,98.7416,98.7375,4.1095890410958905e-05,0.0,4.109589041101369e-05,0.0,0.0,84.0183,0.0,554.79,-554.79,0.987375301499637,98.7375301499637
250,2025-09-13 23:00:00+00:00,0.987375,0.987334,98.7375,98.7334,4.1095890410958905e-05,0.0,4.109589041101369e-05,0.0,0.0,84.0183,0.0,554.79,-554.79,0.987334205609226,98.7334205609226
251,2025-09-14 23:00:00+00:00,0.987334,0.987283,98.7334,98.7283,4.337899543378996e-05,7.856168067156072e-06,5.1235163500917835e-05,80.1053,0.4005,84.4189,2654.97,691.67,1963.3,0.9872829704457251,98.72829704457251
252,2025-09-15 23:00:00+00:00,0.987283,0.987227,98.7283,98.7227,4.7694063926940626e-05,7.856168067156072e-06,5.5550231994105914e-05,80.1053,0.4005,84.8194,3216.38,749.93,2466.45,0.987227420213731,98.7227420213731
253,2025-09-16 23:00:00+00:00,0.987227,0.987186,98.7227,98.7186,4.1095890410958905e-05,0.0,4.109589041101369e-05,0.0,0.0,84.8194,0.0,554.79,-554.79,0.98718632432332,98.718632432332
254,2025-09-17 23:00:00+00:00,0.987186,0.987134,98.7186,98.7134,4.495433789954337e-05,7.856168067156072e-06,5.2810505966727206e-05,80.1053,0.4005,85.2199,475.8,712.94,-237.14,0.9871335138173533,98.71335138173532
255,2025-09-18 23:00:00+00:00,0.987134,0.987092,98.7134,98.7092,4.1095890410958905e-05,0.0,4.109589041101369e-05,0.0,0.0,85.2199,0.0,554.79,-554.79,0.9870924179269422,98.70924179269423
256,2025-09-19 23:00:00+00:00,0.987092,0.987051,98.7092,98.7051,4.1095890410958905e-05,0.0,4.109589041101369e-05,0.0,0.0,85.2199,0.0,554.79,-554.79,0.9870513220365312,98.70513220365312
257,2025-09-20 23:00:00+00:00,0.987051,0.987,98.7051,98.7,4.337899543378996e-05,7.856168067156072e-06,5.1235163500917835e-05,80.1053,0.4005,85.6204,3726.08,691.67,3034.4,0.9870000868730303,98.70000868730303
258,2025-09-21 23:00:00+00:00,0.987,0.986949,98.7,98.6949,4.337899543378996e-05,7.856168067156072e-06,5.1235163500917835e-05,80.1053,0.4005,86.021,4088.31,691.67,3396.64,0.9869488517095294,98.69488517095294
259,2025-09-22 23:00:00+00:00,0.986949,0.986896,98.6949,98.6896,4.495433789954337e-05,7.856168067156072e-06,5.2810505966727206e-05,80.1053,0.4005,86.4215,596.42,712.94,-116.52,0.9868960412035627,98.68960412035626
260,2025-09-23 23:00:00+00:00,0.986896,0.986844,98.6896,98.6844,4.385844748858446e-05,7.856168067156072e-06,5.171461555575352e-05,80.1053,0.4005,86.822,785.51,698.15,87.37,0.9868443265880069,98.68443265880069
261,2025-09-24 23:00:00+00:00,0.986844,0.986793,98.6844,98.6793,4.385844748858446e-05,7.856168067156072e-06,5.171461555575352e-05,80.1053,0.4005,87.2225,467.19,698.15,-230.96,0.9867926119724512,98.67926119724511
262,2025-09-25 23:00:00+00:00,0.986793,0.98674,98.6793,98.674,4.4383561643835604e-05,7.856168067156072e-06,5.223972971102331e-05,80.1053,0.4005,87.6231,728.24,705.24,23.0,0.9867403722427401,98.67403722427402
263,2025-09-26 23:00:00+00:00,0.98674,0.986689,98.674,98.6689,4.337899543378996e-05,7.856168067156072e-06,5.1235163500917835e-05,80.1053,0.4005,88.0236,551.35,691.67,-140.32,0.9866891370792392,98.66891370792392
264,2025-09-27 23:00:00+00:00,0.986689,0.986638,98.6689,98.6638,4.337899543378996e-05,7.856168067156072e-06,5.1235163500917835e-05,80.1053,0.4005,88.4241,549.25,691.67,-142.42,0.9866379019157383,98.66379019157382
265,2025-09-28 23:00:00+00:00,0.986638,0.986597,98.6638,98.6597,4.1095890410958905e-05,0.0,4.109589041101369e-05,0.0,0.0,88.4241,0.0,554.79,-554.79,0.9865968060253273,98.65968060253273
266,2025-09-29 23:00:00+00:00,0.986597,0.986556,98.6597,98.6556,4.1095890410958905e-05,0.0,4.109589041101369e-05,0.0,0.0,88.4241,0.0,554.79,-554.79,0.9865557101349163,98.65557101349162
267,2025-09-30 23:00:00+00:00,0.986556,0.986515,98.6556,98.6515,4.1095890410958905e-05,0.0,4.109589041101369e-05,0.0,0.0,88.4241,0.0,554.79,-554.79,0.9865146142445053,98.65146142445053
268,2025-10-01 23:00:00+00:00,0.986515,0.986459,98.6515,98.6459,4.398544520547944e-05,1.176520690084688e-05,5.575065210627894e-05,95.125,0.4756,88.8997,2187.93,752.63,1435.29,0.986458863592399,98.6458863592399
269,2025-10-02 23:00:00+00:00,0.986459,0.986418,98.6459,98.6418,4.1095890410958905e-05,0.0,4.109589041101369e-05,0.0,0.0,88.8997,0.0,554.79,-554.79,0.986417767701988,98.6417767701988
270,2025-10-03 23:00:00+00:00,0.986418,0.986364,98.6418,98.6364,4.623287671232877e-05,7.856168067156072e-06,5.408904477943732e-05,80.1053,0.4005,89.3003,2674.63,730.2,1944.43,0.9863636786572085,98.63636786572086
271,2025-10-04 23:00:00+00:00,0.986364,0.986306,98.6364,98.6306,4.244399733616666e-05,1.497266180380703e-05,5.741665913994165e-05,105.4017,0.527,89.8273,5697.38,775.12,4922.26,0.9863062619980686,98.63062619980685
272,2025-10-05 23:00:00+00:00,0.986306,0.986265,98.6306,98.6265,4.1095890410958905e-05,0.0,4.109589041101369e-05,0.0,0.0,89.8273,0.0,554.79,-554.79,0.9862651661076576,98.62651661076576
273,2025-10-06 23:00:00+00:00,0.986265,0.986213,98.6265,98.6213,4.385844748858446e-05,7.856168067156072e-06,5.171461555575352e-05,80.1053,0.4005,90.2278,689.91,698.15,-8.24,0.9862134514921018,98.62134514921019
274,2025-10-07 23:00:00+00:00,0.986213,0.986156,98.6213,98.6156,4.281770555534475e-05,1.497266180380703e-05,5.779036735920062e-05,105.4017,0.527,90.7548,6112.81,780.17,5332.64,0.9861556611247426,98.61556611247426
275,2025-10-08 23:00:00+00:00,0.986156,0.986115,98.6156,98.6115,4.1095890410958905e-05,0.0,4.109589041101369e-05,0.0,0.0,90.7548,0.0,554.79,-554.79,0.9861145652343316,98.61145652343316
276,2025-10-09 23:00:00+00:00,0.986115,0.986073,98.6115,98.6073,4.1095890410958905e-05,0.0,4.109589041101369e-05,0.0,0.0,90.7548,0.0,554.79,-554.79,0.9860734693439206,98.60734693439206
277,2025-10-10 23:00:00+00:00,0.986073,0.986023,98.6073,98.6023,4.255707762557078e-05,7.856168067156072e-06,5.0413245692770836e-05,80.1053,0.4005,91.1553,290.31,680.58,-390.27,0.9860230560982278,98.60230560982278
278,2025-10-11 23:00:00+00:00,0.986023,0.985971,98.6023,98.5971,4.385844748858446e-05,7.856168067156072e-06,5.171461555575352e-05,80.1053,0.4005,91.5559,570.03,698.15,-128.12,0.9859713414826721,98.5971341482672
279,2025-10-12 23:00:00+00:00,0.985971,0.98592,98.5971,98.592,4.337899543378996e-05,7.856168067156072e-06,5.1235163500917835e-05,80.1053,0.4005,91.9564,796.24,691.67,104.57,0.9859201063191712,98.59201063191712
280,2025-10-13 23:00:00+00:00,0.98592,0.985868,98.592,98.5868,4.4383561643835604e-05,7.856168067156072e-06,5.223972971102331e-05,80.1053,0.4005,92.3569,527.97,705.24,-177.26,0.9858678665894601,98.58678665894601
281,2025-10-14 23:00:00+00:00,0.985868,0.985811,98.5868,98.5811,4.9337899543379e-05,7.856168067156072e-06,5.7194067610510935e-05,80.1053,0.4005,92.7574,3373.4,772.12,2601.28,0.9858106725218496,98.58106725218497
282,2025-10-15 23:00:00+00:00,0.985811,0.98577,98.5811,98.577,4.1095890410958905e-05,0.0,4.109589041101369e-05,0.0,0.0,92.7574,0.0,554.79,-554.79,0.9857695766314386,98.57695766314386
283,2025-10-16 23:00:00+00:00,0.98577,0.985716,98.577,98.5716,4.557077625570776e-05,7.856168067156072e-06,5.342694432286521e-05,80.1053,0.4005,93.158,1025.6,721.26,304.34,0.9857161496871157,98.57161496871157
284,2025-10-17 23:00:00+00:00,0.985716,0.98566,98.5716,98.566,4.116065213068721e-05,1.497266180380703e-05,5.613331393450327e-05,105.4017,0.527,93.685,4936.16,757.8,4178.36,0.9856600163731812,98.56600163731812
285,2025-10-18 23:00:00+00:00,0.98566,0.985609,98.566,98.5609,4.337899543378996e-05,7.856168067156072e-06,5.1235163500917835e-05,80.1053,0.4005,94.0855,568.03,691.67,-123.65,0.9856087812096803,98.56087812096803
286,2025-10-19 23:00:00+00:00,0.985609,0.985557,98.5609,98.5557,4.385844748858446e-05,7.856168067156072e-06,5.171461555575352e-05,80.1053,0.4005,94.486,459.9,698.15,-238.25,0.9855570665941246,98.55570665941245
287,2025-10-20 23:00:00+00:00,0.985557,0.985503,98.5557,98.5503,4.623287671232877e-05,7.856168067156072e-06,5.408904477943732e-05,80.1053,0.4005,94.8866,836.86,730.2,106.66,0.9855029775493451,98.55029775493452
288,2025-10-21 23:00:00+00:00,0.985503,0.985462,98.5503,98.5462,4.1095890410958905e-05,0.0,4.109589041101369e-05,0.0,0.0,94.8866,0.0,554.79,-554.79,0.9854618816589341,98.54618816589341
289,2025-10-22 23:00:00+00:00,0.985462,0.985421,98.5462,98.5421,4.1095890410958905e-05,0.0,4.109589041101369e-05,0.0,0.0,94.8866,0.0,554.79,-554.79,0.9854207857685231,98.5420785768523
290,2025-10-23 23:00:00+00:00,0.985421,0.98538,98.5421,98.538,4.1095890410958905e-05,0.0,4.109589041101369e-05,0.0,0.0,94.8866,0.0,554.79,-554.79,0.9853796898781121,98.53796898781121
291,2025-10-24 23:00:00+00:00,0.98538,0.985339,98.538,98.5339,4.1095890410958905e-05,0.0,4.109589041101369e-05,0.0,0.0,94.8866,0.0,554.79,-554.79,0.9853385939877011,98.5338593987701
292,2025-10-25 23:00:00+00:00,0.985339,0.985288,98.5339,98.5288,4.2945205479452046e-05,7.856168067156072e-06,5.080137354662728e-05,80.1053,0.4005,95.2871,546.59,685.82,-139.23,0.9852877926141544,98.52877926141545
293,2025-10-26 23:00:00+00:00,0.985288,0.985247,98.5288,98.5247,4.1095890410958905e-05,0.0,4.109589041101369e-05,0.0,0.0,95.2871,0.0,554.79,-554.79,0.9852466967237434,98.52466967237434
294,2025-10-27 23:00:00+00:00,0.985247,0.985188,98.5247,98.5188,5.116438356164383e-05,7.856168067156072e-06,5.902055162876341e-05,80.1053,0.4005,95.6876,314.43,796.78,-482.35,0.9851876761721147,98.51876761721147
295,2025-10-28 23:00:00+00:00,0.985188,0.985138,98.5188,98.5138,4.2214611872146116e-05,7.856168067156072e-06,5.00707799393485e-05,80.1053,0.4005,96.0881,252.96,675.96,-422.99,0.9851376053921753,98.51376053921753
296,2025-10-29 23:00:00+00:00,0.985138,0.985097,98.5138,98.5097,4.1095890410958905e-05,0.0,4.109589041101369e-05,0.0,0.0,96.0881,0.0,554.79,-554.79,0.9850965095017643,98.50965095017644
297,2025-10-30 23:00:00+00:00,0.985097,0.985041,98.5097,98.5041,4.7694063926940626e-05,7.856168067156072e-06,5.5550231994105914e-05,80.1053,0.4005,96.4887,1284.56,749.93,534.63,0.9850409592697702,98.50409592697702
298,2025-10-31 23:00:00+00:00,0.985041,0.984984,98.5041,98.4984,4.1596845281372145e-05,1.497266180380703e-05,5.6569507085213466e-05,105.4017,0.527,97.0157,176.53,763.69,-587.16,0.984984389762685,98.4984389762685
299,2025-11-01 23:00:00+00:00,0.984984,0.984943,98.4984,98.4943,4.1095890410958905e-05,0.0,4.109589041101369e-05,0.0,0.0,97.0157,0.0,554.79,-554.79,0.984943293872274,98.4943293872274
300,2025-11-02 23:00:00+00:00,0.984943,0.984902,98.4943,98.4902,4.1095890410958905e-05,0.0,4.109589041101369e-05,0.0,0.0,97.0157,0.0,554.79,-554.79,0.984902197981863,98.4902197981863
301,2025-11-03 23:00:00+00:00,0.984902,0.984849,98.4902,98.4849,4.495433789954338e-05,7.856168067156072e-06,5.2810505966727206e-05,80.1053,0.4005,97.4162,654.78,712.94,-58.17,0.9848493874758962,98.48493874758962
302,2025-11-04 23:00:00+00:00,0.984849,0.984808,98.4849,98.4808,4.1095890410958905e-05,0.0,4.109589041101369e-05,0.0,0.0,97.4162,0.0,554.79,-554.79,0.9848082915854852,98.48082915854852
303,2025-11-05 23:00:00+00:00,0.984808,0.984754,98.4808,98.4754,4.623287671232877e-05,7.856168067156072e-06,5.408904477943732e-05,80.1053,0.4005,97.8167,258.24,730.2,-471.97,0.9847542025407058,98.47542025407058
304,2025-11-06 23:00:00+00:00,0.984754,0.984701,98.4754,98.4701,4.557077625570776e-05,7.856168067156072e-06,5.342694432286521e-05,80.1053,0.4005,98.2173,658.95,721.26,-62.31,0.9847007755963829,98.4700775596383
305,2025-11-07 23:00:00+00:00,0.984701,0.984647,98.4701,98.4647,4.623287671232877e-05,7.856168067156072e-06,5.408904477943732e-05,80.1053,0.4005,98.6178,446.11,730.2,-284.09,0.9846466865516035,98.46466865516035
306,2025-11-08 23:00:00+00:00,0.984647,0.984606,98.4647,98.4606,4.1095890410958905e-05,0.0,4.109589041101369e-05,0.0,0.0,98.6178,0.0,554.79,-554.79,0.9846055906611925,98.46055906611925
307,2025-11-09 23:00:00+00:00,0.984606,0.984556,98.4606,98.4556,4.146118721461187e-05,7.856168067156072e-06,4.931735528179715e-05,80.1053,0.4005,99.0183,71.72,665.78,-594.06,0.9845562733059107,98.45562733059107
308,2025-11-10 23:00:00+00:00,0.984556,0.984504,98.4556,98.4504,4.4383561643835604e-05,7.856168067156072e-06,5.223972971102331e-05,80.1053,0.4005,99.4188,495.34,705.24,-209.9,0.9845040335761996,98.45040335761996
309,2025-11-11 23:00:00+00:00,0.984504,0.984448,98.4504,98.4448,4.140578546402055e-05,1.497266180380703e-05,5.6378447267801945e-05,105.4017,0.527,99.9458,-1477.97,761.11,-2239.08,0.9844476551289318,98.44476551289318
310,2025-11-12 23:00:00+00:00,0.984448,0.984395,98.4448,98.4395,4.495433789954337e-05,7.856168067156072e-06,5.2810505966727206e-05,80.1053,0.4005,100.3464,578.94,712.94,-134.0,0.9843948446229651,98.4394844622965
311,2025-11-13 23:00:00+00:00,0.984395,0.984342,98.4395,98.4342,4.495433789954338e-05,7.856168067156072e-06,5.2810505966727206e-05,80.1053,0.4005,100.7469,586.9,712.94,-126.04,0.9843420341169984,98.43420341169984
312,2025-11-14 23:00:00+00:00,0.984342,0.984301,98.4342,98.4301,4.1095890410958905e-05,0.0,4.109589041101369e-05,0.0,0.0,100.7469,0.0,554.79,-554.79,0.9843009382265874,98.43009382265873
313,2025-11-15 23:00:00+00:00,0.984301,0.984245,98.4301,98.4245,4.7694063926940626e-05,7.856168067156072e-06,5.5550231994105914e-05,80.1053,0.4005,101.1474,413.23,749.93,-336.7,0.9842453879945933,98.42453879945933
314,2025-11-16 23:00:00+00:00,0.984245,0.984204,98.4245,98.4204,4.1095890410958905e-05,0.0,4.109589041101369e-05,0.0,0.0,101.1474,0.0,554.79,-554.79,0.9842042921041823,98.42042921041822
315,2025-11-17 23:00:00+00:00,0.984204,0.984154,98.4204,98.4154,4.255707762557078e-05,7.856168067156072e-06,5.0413245692770836e-05,80.1053,0.4005,101.548,617.34,680.58,-63.24,0.9841538788584895,98.41538788584894
316,2025-11-18 23:00:00+00:00,0.984154,0.984102,98.4154,98.4102,4.4383561643835604e-05,7.856168067156072e-06,5.223972971102331e-05,80.1053,0.4005,101.9485,818.77,705.24,113.54,0.9841016391287785,98.41016391287785
317,2025-11-19 23:00:00+00:00,0.984102,0.984061,98.4102,98.4061,4.1095890410958905e-05,0.0,4.109589041101369e-05,0.0,0.0,101.9485,0.0,554.79,-554.79,0.9840605432383674,98.40605432383674
318,2025-11-20 23:00:00+00:00,0.984061,0.984019,98.4061,98.4019,4.1095890410958905e-05,0.0,4.109589041101369e-05,0.0,0.0,101.9485,0.0,554.79,-554.79,0.9840194473479564,98.40194473479565
319,2025-11-21 23:00:00+00:00,0.984019,0.983978,98.4019,98.3978,4.1095890410958905e-05,0.0,4.109589041101369e-05,0.0,0.0,101.9485,0.0,554.79,-554.79,0.9839783514575454,98.39783514575454
320,2025-11-22 23:00:00+00:00,0.983978,0.983937,98.3978,98.3937,4.1095890410958905e-05,0.0,4.109589041101369e-05,0.0,0.0,101.9485,0.0,554.79,-554.79,0.9839372555671344,98.39372555671343
321,2025-11-23 23:00:00+00:00,0.983937,0.983883,98.3937,98.3883,4.623287671232877e-05,7.856168067156072e-06,5.408904477943732e-05,80.1053,0.4005,102.349,813.22,730.2,83.02,0.983883166522355,98.3883166522355
322,2025-11-24 23:00:00+00:00,0.983883,0.983842,98.3883,98.3842,4.1095890410958905e-05,0.0,4.109589041101369e-05,0.0,0.0,102.349,0.0,554.79,-554.79,0.983842070631944,98.3842070631944
323,2025-11-25 23:00:00+00:00,0.983842,0.983801,98.3842,98.3801,4.1095890410958905e-05,0.0,4.109589041101369e-05,0.0,0.0,102.349,0.0,554.79,-554.79,0.9838009747415329,98.38009747415329
324,2025-11-26 23:00:00+00:00,0.983801,0.983751,98.3801,98.3751,4.2214611872146116e-05,7.856168067156072e-06,5.00707799393485e-05,80.1053,0.4005,102.7495,642.4,675.96,-33.56,0.9837509039615936,98.37509039615937
325,2025-11-27 23:00:00+00:00,0.983751,0.98371,98.3751,98.371,4.1095890410958905e-05,0.0,4.109589041101369e-05,0.0,0.0,102.7495,0.0,554.79,-554.79,0.9837098080711826,98.37098080711826
326,2025-11-28 23:00:00+00:00,0.98371,0.983669,98.371,98.3669,4.1095890410958905e-05,0.0,4.109589041101369e-05,0.0,0.0,102.7495,0.0,554.79,-554.79,0.9836687121807716,98.36687121807715
327,2025-11-29 23:00:00+00:00,0.983669,0.983628,98.3669,98.3628,4.1095890410958905e-05,0.0,4.109589041101369e-05,0.0,0.0,102.7495,0.0,554.79,-554.79,0.9836276162903606,98.36276162903606
328,2025-11-30 23:00:00+00:00,0.983628,0.983587,98.3628,98.3587,4.1095890410958905e-05,0.0,4.109589041101369e-05,0.0,0.0,102.7495,0.0,554.79,-554.79,0.9835865203999495,98.35865203999495
329,2025-12-01 23:00:00+00:00,0.983587,0.983534,98.3587,98.3534,4.4383561643835604e-05,7.856168067156072e-06,5.223972971102331e-05,80.1053,0.4005,103.1501,599.16,705.24,-106.08,0.9835342806702385,98.35342806702386
330,2025-12-02 23:00:00+00:00,0.983534,0.983493,98.3534,98.3493,4.1095890410958905e-05,0.0,4.109589041101369e-05,0.0,0.0,103.1501,0.0,554.79,-554.79,0.9834931847798275,98.34931847798275
331,2025-12-03 23:00:00+00:00,0.983493,0.983437,98.3493,98.3437,4.1260387747125574e-05,1.497266180380703e-05,5.6233049550935554e-05,105.4017,0.527,103.6771,-81.6,759.15,-840.75,0.9834369517302766,98.34369517302765
332,2025-12-04 23:00:00+00:00,0.983437,0.983386,98.3437,98.3386,4.2945205479452046e-05,7.856168067156072e-06,5.080137354662728e-05,80.1053,0.4005,104.0776,443.32,685.82,-242.5,0.9833861503567299,98.33861503567299
333,2025-12-05 23:00:00+00:00,0.983386,0.983326,98.3386,98.3326,4.537117815808447e-05,1.497266180380703e-05,6.034383996189607e-05,105.4017,0.527,104.6046,530.29,814.64,-284.35,0.983325806516768,98.3325806516768
334,2025-12-06 23:00:00+00:00,0.983326,0.983285,98.3326,98.3285,4.1095890410958905e-05,0.0,4.109589041101369e-05,0.0,0.0,104.6046,0.0,554.79,-554.79,0.983284710626357,98.3284710626357
335,2025-12-07 23:00:00+00:00,0.983285,0.983244,98.3285,98.3244,4.1095890410958905e-05,0.0,4.109589041101369e-05,0.0,0.0,104.6046,0.0,554.79,-554.79,0.983243614735946,98.3243614735946
336,2025-12-08 23:00:00+00:00,0.983244,0.983203,98.3244,98.3203,4.1095890410958905e-05,0.0,4.109589041101369e-05,0.0,0.0,104.6046,0.0,554.79,-554.79,0.983202518845535,98.3202518845535
337,2025-12-09 23:00:00+00:00,0.983203,0.983161,98.3203,98.3161,4.1095890410958905e-05,0.0,4.109589041101369e-05,0.0,0.0,104.6046,0.0,554.79,-554.79,0.983161422955124,98.31614229551239
338,2025-12-10 23:00:00+00:00,0.983161,0.98311,98.3161,98.311,4.385844748858446e-05,7.856168067156072e-06,5.171461555575352e-05,80.1053,0.4005,105.0051,906.12,698.15,207.98,0.9831097083395682,98.31097083395683
339,2025-12-11 23:00:00+00:00,0.98311,0.983057,98.311,98.3057,4.495433789954337e-05,7.856168067156072e-06,5.2810505966727206e-05,80.1053,0.4005,105.4057,717.26,712.94,4.31,0.9830568978336015,98.30568978336015
340,2025-12-12 23:00:00+00:00,0.983057,0.983016,98.3057,98.3016,4.1095890410958905e-05,0.0,4.109589041101369e-05,0.0,0.0,105.4057,0.0,554.79,-554.79,0.9830158019431905,98.30158019431904
341,2025-12-13 23:00:00+00:00,0.983016,0.982954,98.3016,98.2954,4.6979153651070774e-05,1.497266180380703e-05,6.195181545487483e-05,105.4017,0.527,105.9327,304.77,836.35,-531.58,0.9829538501277356,98.29538501277356
342,2025-12-14 23:00:00+00:00,0.982954,0.982913,98.2954,98.2913,4.1095890410958905e-05,0.0,4.109589041101369e-05,0.0,0.0,105.9327,0.0,554.79,-554.79,0.9829127542373246,98.29127542373246
343,2025-12-15 23:00:00+00:00,0.982913,0.982872,98.2913,98.2872,4.1095890410958905e-05,0.0,4.109589041101369e-05,0.0,0.0,105.9327,0.0,554.79,-554.79,0.9828716583469136,98.28716583469136
344,2025-12-16 23:00:00+00:00,0.982872,0.982819,98.2872,98.2819,4.495433789954337e-05,7.856168067156072e-06,5.2810505966727206e-05,80.1053,0.4005,106.3332,534.5,712.94,-178.44,0.9828188478409469,98.28188478409469
345,2025-12-17 23:00:00+00:00,0.982819,0.982767,98.2819,98.2767,4.385844748858446e-05,7.856168067156072e-06,5.171461555575352e-05,80.1053,0.4005,106.7337,573.7,698.15,-124.45,0.9827671332253911,98.27671332253911
346,2025-12-18 23:00:00+00:00,0.982767,0.982726,98.2767,98.2726,4.1095890410958905e-05,0.0,4.109589041101369e-05,0.0,0.0,106.7337,0.0,554.79,-554.79,0.9827260373349801,98.27260373349802
347,2025-12-19 23:00:00+00:00,0.982726,0.982685,98.2726,98.2685,4.1095890410958905e-05,0.0,4.109589041101369e-05,0.0,0.0,106.7337,0.0,554.79,-554.79,0.9826849414445691,98.26849414445691
348,2025-12-20 23:00:00+00:00,0.982685,0.982644,98.2685,98.2644,4.1095890410958905e-05,0.0,4.109589041101369e-05,0.0,0.0,106.7337,0.0,554.79,-554.79,0.9826438455541581,98.2643845554158
349,2025-12-21 23:00:00+00:00,0.982644,0.982603,98.2644,98.2603,4.1095890410958905e-05,0.0,4.109589041101369e-05,0.0,0.0,106.7337,0.0,554.79,-554.79,0.982602749663747,98.26027496637471
350,2025-12-22 23:00:00+00:00,0.982603,0.982562,98.2603,98.2562,4.1095890410958905e-05,0.0,4.109589041101369e-05,0.0,0.0,106.7337,0.0,554.79,-554.79,0.982561653773336,98.2561653773336
351,2025-12-23 23:00:00+00:00,0.982562,0.982521,98.2562,98.2521,4.1095890410958905e-05,0.0,4.109589041101369e-05,0.0,0.0,106.7337,0.0,554.79,-554.79,0.982520557882925,98.25205578829251
352,2025-12-24 23:00:00+00:00,0.982521,0.982479,98.2521,98.2479,4.1095890410958905e-05,0.0,4.109589041101369e-05,0.0,0.0,106.7337,0.0,554.79,-554.79,0.982479461992514,98.2479461992514
353,2025-12-25 23:00:00+00:00,0.982479,0.982438,98.2479,98.2438,4.1095890410958905e-05,0.0,4.109589041101369e-05,0.0,0.0,106.7337,0.0,554.79,-554.79,0.982438366102103,98.2438366102103
354,2025-12-26 23:00:00+00:00,0.982438,0.982381,98.2438,98.2381,4.216471078561644e-05,1.497266180380703e-05,5.713737258938867e-05,105.4017,0.527,107.2607,-374.95,771.35,-1146.31,0.9823812287295136,98.23812287295137
355,2025-12-27 23:00:00+00:00,0.982381,0.982328,98.2381,98.2328,4.1496236444063924e-05,1.176520690084688e-05,5.326144334494298e-05,95.125,0.4756,107.7363,172.16,719.03,-546.86,0.9823279672861687,98.23279672861686
356,2025-12-28 23:00:00+00:00,0.982328,0.982287,98.2328,98.2287,4.1095890410958905e-05,0.0,4.109589041101369e-05,0.0,0.0,107.7363,0.0,554.79,-554.79,0.9822868713957577,98.22868713957577
357,2025-12-29 23:00:00+00:00,0.982287,0.982246,98.2287,98.2246,4.1095890410958905e-05,0.0,4.109589041101369e-05,0.0,0.0,107.7363,0.0,554.79,-554.79,0.9822457755053466,98.22457755053466
