stage_id,stage_name,duration_seconds,runtime_percentage,status,timestamp
1,Data Ingestion,0.097,0.06,COMPLETED,2026-09-27T18:03:32.175695+00:00
2,Data Validation,0.005,0.0,COMPLETED,2026-09-27T18:03:32.175737+00:00
3,Feature Engineering,0.135,0.08,COMPLETED,2026-09-27T18:03:32.175757+00:00
4,Price Forecasting,2.608,1.57,COMPLETED,2026-09-27T18:03:32.175777+00:00
5,Mixed-Integer Dispatch Optimization,1.133,0.68,COMPLETED,2026-09-27T18:03:32.175797+00:00
6,Battery Ageing,0.018,0.01,COMPLETED,2026-09-27T18:03:32.175818+00:00
7,Backtest Consolidation,0.726,0.44,COMPLETED,2026-09-27T18:03:32.175838+00:00
8,Arbitrage Economics,0.004,0.0,COMPLETED,2026-09-27T18:03:32.175857+00:00
9,Forecast Realism,7.351,4.43,COMPLETED,2026-09-27T18:03:32.175876+00:00
10,Risk Analytics,0.002,0.0,COMPLETED,2026-09-27T18:03:32.175896+00:00
11,Sensitivity & Scenarios,0.051,0.03,COMPLETED,2026-09-27T18:03:32.175915+00:00
12,Publication Reports & Figure Suite,153.677,92.68,COMPLETED,2026-09-27T18:03:32.175935+00:00
